,Symbol,Description,Last (GBP$),CHG%,CHG,Rating,Vol,Mkt Cap (GBP$),FIGI Identifier,MIC,Security Type
0,BRK.A, BERKSHIRE HATHAWAY INC,376660.557,1.54%,6619.98,Strong Buy,2.091K,665.671B,BBG000DWCFL4,XNYS,Common Stock
1,AMZN, AMAZON COM INC,2776.242,1.94%,61.43,Sell,3.325M,1625.386B,BBG000BVPV84,XNAS,Common Stock
2,GOOG, Alphabet Inc (Google) Class C,1995.166,2.40%,54.19,Buy,1.331M,1552.205B,BBG009S3NB30,XNAS,Common Stock
3,GOOGL, Alphabet Inc (Google) Class A,1962.622,2.21%,49.34,Buy,1.600M,1526.886B,BBG009S39JX6,XNAS,Common Stock
4,SHOP, SHOPIFY INC,934.64,3.55%,37.24,Sell,1.056M,134.896B,BBG008HBD923,XNYS,Common Stock
5,BLK, BLACKROCK INC,738.117,2.13%,17.88,Buy,481.500K,130.695B,BBG000C2PW58,XNYS,Common Stock
6,CHTR, CHARTER COMMUNICATIONS INC,611.946,3.66%,25.1,Strong Buy,1.090M,134.028B,BBG000VPGNR2,XNAS,Common Stock
7,ASML, ASML HOLDING NV EUR0.09 NY REGISTRY SHS 2012,557.988,3.96%,24.67,Strong Buy,1.331M,269.801B,BBG000K6MRN4,XNAS,NY Reg Shrs
8,TSLA, TESLA INC,508.009,3.16%,18.05,Sell,33.370M,731.716B,BBG000N9MNX3,XNAS,Common Stock
9,NVDA, NVIDIA CORP,490.763,4.23%,23.11,Buy,6.465M,354.585B,BBG000BBJQV0,XNAS,Common Stock
10,NFLX, NETFLIX INC,424.994,1.38%,6.71,Sell,2.882M,218.762B,BBG000CL9VN6,XNAS,Common Stock
11,ADBE, ADOBE INC,419.128,2.62%,12.4,Buy,1.857M,232.576B,BBG000BB5006,XNAS,Common Stock
12,TMO, THERMO FISHER SCIENTIFIC INC,395.448,0.47%,2.15,Sell,1.010M,180.427B,BBG000BVDLH9,XNYS,Common Stock
13,AVGO, BROADCOM INC,380.416,2.56%,11.02,Sell,1.697M,180.314B,BBG00KHY5S69,XNAS,Common Stock
14,INTU, INTUIT INC,359.432,3.41%,13.74,Strong Buy,1.191M,114.262B,BBG000BH5DV1,XNAS,Common Stock
15,SPY, SPDR S&P 500 ETF TRUST,358.847,1.54%,6.3,Strong Buy,82.202M,—,BBG000BDTBL9,ARCX,ETP
16,UNH, UNITEDHEALTH GROUP INC,353.006,0.30%,1.24,Buy,2.073M,386.729B,BBG000CH5208,XNYS,Common Stock
17,COST, COSTCO WHOLESALE CORP,331.144,1.29%,4.89,Buy,1.876M,170.119B,BBG000F6H8W8,XNAS,Common Stock
18,DE, DEERE & CO,330.782,1.56%,5.89,Strong Buy,1.144M,120.361B,BBG000BH1NH9,XNYS,Common Stock
19,GS, GOLDMAN SACHS GROUP INC,317.663,2.78%,9.96,Strong Buy,2.732M,125.461B,BBG000C6CFJ5,XNYS,Common Stock
20,MA, MASTERCARD INCORPORATED,313.476,1.08%,3.89,Buy,2.960M,360.652B,BBG000F1ZSQ2,XNYS,Common Stock
21,COKE, COCA-COLA CONSOLIDATED INC,284.834,0.88%,2.9,Strong Buy,32.165K,3.099B,BBG000BG1SX2,XNAS,Common Stock
22,QQQ, INVESCO QQQ TRUST UNIT SER 1,281.156,2.21%,7.05,Sell,44.370M,—,BBG000BSWKH7,XNAS,ETP
23,HD, HOME DEPOT INC,278.778,-0.55%,-1.79,Buy,3.998M,347.973B,BBG000BKZB36,XNYS,Common Stock
24,FB, FACEBOOK INC,272.154,3.50%,10.68,Strong Buy,19.246M,895.838B,BBG000MM2P62,XNAS,Common Stock
25,KSU, KANSAS CITY SOUTHERN,266.185,-1.42%,-4.44,Buy,3.058M,28.099B,BBG000BMZ7P7,XNYS,Common Stock
26,LIN, LINDE PLC,259.431,1.08%,3.22,Strong Buy,1.211M,156.671B,BBG00GVR8YQ9,XNYS,Common Stock
27,BRK.B, BERKSHIRE HATHAWAY INC,250.395,1.32%,3.7800000000000002,Strong Buy,4.263M,663.784B,BBG000DWG505,XNYS,Common Stock
28,ACN, ACCENTURE PLC,248.259,1.01%,2.88,Buy,1.286M,191.686B,BBG000D9D830,XNYS,Common Stock
29,ABMD, ABIOMED INC,231.341,2.23%,5.85,Sell,262.405K,12.158B,BBG000C101X4,XNAS,Common Stock
30,DHR, DANAHER CORP,218.437,0.36%,0.91,Buy,2.327M,180.873B,BBG000BH3JF8,XNYS,Common Stock
31,AMGN, AMGEN INC,216.541,-0.27%,-0.6900000000000001,Buy,2.287M,144.431B,BBG000BBS2Y0,XNAS,Common Stock
32,MSFT, Microsoft Corp.,213.759,2.11%,5.12,Buy,23.901M,1868.959B,BBG000BPH459,XNAS,Common Stock
33,AMT, AMERICAN TOWER CORP,212.562,1.13%,2.76,Buy,1.714M,111.979B,BBG000B9XYV2,XNYS,REIT
34,PYPL, PAYPAL HOLDINGS INC,212.157,2.28%,5.49,Sell,6.730M,288.450B,BBG0077VNXV6,XNAS,Common Stock
35,CAT, CATERPILLAR INC,208.66,0.90%,2.16,Strong Buy,2.042M,132.690B,BBG000BF0K17,XNYS,Common Stock
36,PEN, PENUMBRA INC,207.204,-0.11%,-0.26,Sell,330.058K,8.775B,BBG001BP92V1,XNYS,Common Stock
37,EFX, EQUIFAX INC,206.23,1.01%,2.39,Buy,466.929K,29.137B,BBG000BHPL78,XNYS,Common Stock
38,MCD, MCDONALD'S CORPORATION,199.606,0.85%,1.9500000000000002,Buy,1.943M,172.903B,BBG000BNSZP1,XNYS,Common Stock
39,IT, GARTNER INC,199.072,0.65%,1.5,Strong Buy,385.315K,19.892B,BBG000BB65D0,XNYS,Common Stock
40,ICLR, ICON PLC,197.435,0.93%,2.11,Strong Buy,519.193K,12.115B,BBG000CTSZQ6,XNAS,Common Stock
41,BA, BOEING CO,196.807,2.62%,5.83,Sell,10.162M,133.612B,BBG000BCSST7,XNYS,Common Stock
42,UNP, UNION PACIFIC CORP,196.281,1.19%,2.68,Buy,1.632M,151.368B,BBG000BW3299,XNYS,Common Stock
43,HON, HONEYWELL INTERNATIONAL INC,195.85,1.65%,3.68,Strong Buy,2.081M,157.914B,BBG000H556T9,XNAS,Common Stock
44,V, VISA INC,195.489,1.43%,3.2,Buy,4.777M,484.017B,BBG000PSKYX7,XNYS,Common Stock
45,IWM, ISHARES TRUST RUSSELL 2000 ETF,190.389,2.44%,5.27,Neutral,25.070M,—,BBG000CGC9C4,ARCX,ETP
46,R, RETL  DIREXION SHARES ETF TRUST DIRXON DLY RETAIL BULL 3X SHS (P/S,187.693,12.52%,24.24,Buy,73.285K,—,BBG000BRVP70,XNYS,Common Stock
47,CRM, SALESFORCE.COM INC,187.495,2.74%,5.8,Sell,4.429M,200.733B,BBG000BN2DC2,XNYS,Common Stock
48,UPS, UNITED PARCEL SERVICE INC,186.392,0.33%,0.71,Strong Buy,2.334M,188.366B,BBG000L9CV04,XNYS,Common Stock
49,BABA, Alibaba Group Holdings Ltd.,180.474,1.66%,3.43,Sell,31.625M,567.895B,BBG006G2JVL2,XNYS,ADR
50,MMM, 3M COMPANY,176.055,0.48%,0.97,Buy,1.476M,118.474B,BBG000BP52R2,XNYS,Common Stock
51,JLL, JONES LANG LASALLE INC,172.678,0.57%,1.13,Buy,465.597K,10.285B,BBG000C2L2L0,XNYS,Common Stock
52,LOW, LOWE'S COMPANIES INC,171.343,-0.71%,-1.43,Buy,3.743M,142.654B,BBG000BNDN65,XNYS,Common Stock
53,LLY, ELI LILLY AND COMPANY,169.017,0.65%,1.27,Strong Buy,1.824M,188.170B,BBG000BNBDC2,XNYS,Common Stock
54,DEO, DIAGEO ADR EA REPR 4 ORD GBX28.935185,162.988,1.54%,2.87,Strong Buy,380.018K,110.598B,BBG000BWZQL7,XNYS,ADR
55,TXN, TEXAS INSTRUMENTS INC,157.871,2.39%,4.28,Buy,4.434M,169.160B,BBG000BVV7G1,XNAS,Common Stock
56,DIS, WALT DISNEY COMPANY (THE),149.627,-2.60%,-4.64,Sell,33.149M,315.311B,BBG000BH4R78,XNYS,Common Stock
57,ALXN, ALEXION PHARMACEUTICAL INC,149.446,0.09%,0.16,Buy,1.418M,38.345B,BBG000G30YX4,XNAS,Common Stock
58,INSP, INSPIRE MEDICAL SYSTEMS INC,147.439,2.72%,4.53,Sell,300.017K,4.658B,BBG00209SZJ7,XNYS,Common Stock
59,JNJ, JOHNSON & JOHNSON,146.629,0.15%,0.26,Strong Buy,5.798M,448.257B,BBG000BMHYD1,XNYS,Common Stock
60,JPM, JPMORGAN CHASE & CO.,141.28,1.55%,2.51,Strong Buy,10.584M,496.480B,BBG000DMBXR2,XNYS,Common Stock
61,COF, CAPITAL ONE FINANCIAL CORP,136.198,1.16%,1.82,Strong Buy,2.856M,71.385B,BBG000BGKTF9,XNYS,Common Stock
62,AXP, AMERICAN EXPRESS CO,135.371,1.99%,3.07,Buy,1.893M,126.239B,BBG000BCQZS4,XNYS,Common Stock
63,TM, TOYOTA MOTOR CORP ADR-EACH REP 2 ORD NPV LVLIII(SPON),134.251,0.40%,0.62,Strong Buy,315.551K,217.874B,BBG000BPH299,XNYS,ADR
64,A, ANAT  AMERICAN NATIONAL GROUP INC,129.272,4.07%,5.87,Buy,93.904K,4.035B,BBG000C2V3D6,XNYS,Common Stock
65,FNV, FRANCO NEVADA CORP,128.841,1.37%,2.02,Buy,369.923K,28.571B,BBG000RD3CL8,XNYS,Common Stock
66,PEP, PEPSICO INC,126.274,0.15%,0.22,Buy,4.225M,202.302B,BBG000DH7JK6,XNAS,Common Stock
67,IBM, INTERNATIONAL BUS MACH CORP,124.629,0.35%,0.51,Buy,2.747M,129.275B,BBG000BLNNH6,XNYS,Common Stock
68,TMUS, T-MOBILE US INC,121.907,2.46%,3.4,Strong Buy,5.331M,175.881B,BBG000NDV1D4,XNAS,Common Stock
69,ABNB, AIRBNB INC,121.631,4.01%,5.45,Sell,20.325M,83.693B,BBG001Y2XS07,XNAS,Common Stock
70,D, DASH  DOORDASH INC,121.519,22.15%,25.58,Buy,15.265M,45.964B,BBG000BGVW60,XNYS,Common Stock
71,WMT, WALMART INC,120.184,0.93%,1.28,Buy,5.363M,392.537B,BBG000BWXBC2,XNYS,Common Stock
72,ALL, ALLSTATE CORP,119.96,1.27%,1.74,Strong Buy,2.519M,41.686B,BBG000BVMGF2,XNYS,Common Stock
73,SAP, SAP SE SPON ADR EACH REP 1 ORD NPV,119.581,2.65%,3.59,Buy,690.929K,163.749B,BBG000BDSLD7,XNYS,ADR
74,PG, PROCTER & GAMBLE CO,118.883,0.21%,0.29,Buy,5.990M,337.880B,BBG000BR2TH3,XNYS,Common Stock
75,TLT, Ishares 20+ Year Treasury Bond ETF,118.082,0.94%,1.27,Sell,17.567M,—,BBG000BJKYW3,XNAS,ETP
76,NKE, NIKE INC,117.092,1.74%,2.32,Strong Buy,4.368M,214.764B,BBG000C5HS04,XNYS,Common Stock
77,AFG, AMERICAN FINANCIAL GROUP INC OHIO,112.13,0.83%,1.07,Strong Buy,446.656K,11.077B,BBG000DPKKK0,XNYS,Common Stock
78,QCOM, QUALCOMM INC,112.113,2.39%,3.04,Sell,9.391M,147.850B,BBG000CGC1X8,XNAS,Common Stock
79,EMN, EASTMAN CHEMICAL CO,111.113,1.10%,1.4,Strong Buy,454.837K,17.584B,BBG000BLW530,XNYS,Common Stock
80,AAPL, Apple Inc,109.787,1.98%,2.48,Sell,81.917M,2126.835B,BBG000B9XRY4,XNAS,Common Stock
81,DDS, DILLARDS INC,107.978,22.75%,23.23,Strong Buy,1.200M,2.745B,BBG000BS4MP5,XNYS,Common Stock
82,MDT, MEDTRONIC PLC,107.909,0.87%,1.08,Buy,3.688M,168.873B,BBG000BNWG87,XNYS,Common Stock
83,G, GRVY  GRAVITY CO LTD SPON ADS EA REP 1 ORD,107.806,14.08%,15.45,Buy,136.546K,869.655M,BBG000RQBFV2,XNYS,Common Stock
84,AMAT, APPLIED MATERIALS INC,107.53,4.09%,4.91,Sell,12.422M,114.552B,BBG000BBPFB9,XNAS,Common Stock
85,CINF, CINCINNATI FINANCIAL CORP,104.196,0.77%,0.92,Buy,415.745K,19.486B,BBG000BFPK65,XNAS,Common Stock
86,F, FUTU  FUTU HOLDINGS LIMITED SPON ADS EACH REP 8 ORD SHS CL A,102.413,13.85%,14.46,Sell,8.713M,8.770B,BBG000BQPC32,XNYS,Common Stock
87,MTZ, MASTEC INC,102.0,1.39%,1.62,Buy,768.811K,8.799B,BBG000DYXD23,XNYS,Common Stock
88,ABT, ABBOTT LABORATORIES,101.914,0.73%,0.86,Sell,3.800M,210.216B,BBG000B9ZXB4,XNYS,Common Stock
89,CTXS, CITRIX SYSTEMS INC,101.397,0.85%,0.99,Sell,749.459K,14.616B,BBG000FQ6PY6,XNAS,Common Stock
90,ABBV, ABBVIE INC,100.294,-0.15%,-0.17,Buy,6.269M,205.641B,BBG0025Y4RY4,XNYS,Common Stock
91,CBOE, CBOE GLOBAL MARKETS INC,98.054,0.15%,0.17,Buy,556.316K,12.144B,BBG000QH56C1,BATS,Common Stock
92,GH, GUARDANT HEALTH INC,97.202,2.80%,3.07,Sell,1.186M,11.410B,BBG006D97VY9,XNAS,Common Stock
93,TSM, TAIWAN SEMICONDUCTOR MANUFACTURING SPON ADS EACH REP 5 ORD TWD10,96.874,3.41%,3.71,Sell,8.425M,583.227B,BBG000BD8ZK0,XNYS,ADR
94,GRN, BARCLAYS BANK PLC IPATH SERIES B CARBON ETN USD,96.435,3.49%,3.77,Strong Buy,29.167K,—,BBG00Q6YJRB9,ARCX,ETP
95,SBUX, STARBUCKS CORP,95.789,0.64%,0.71,Sell,6.836M,130.916B,BBG000CTQBF3,XNAS,Common Stock
96,F, FEUL  CREDIT SUISSE NASSAU FI ENHANCED EUROPE 50 ETNS LKD STOXX,95.505,3.09%,3.32,Strong Buy,271,—,BBG000BQPC32,XNYS,Common Stock
97,CVX, CHEVRON CORPORATION,94.299,2.62%,2.79,Strong Buy,9.124M,211.579B,BBG000K4ND22,XNYS,Common Stock
98,CM, CANADIAN IMPERIAL BANK OF COMMERCE,94.221,0.97%,1.05,Strong Buy,560.291K,48.986B,BBG000FKTHQ1,XNYS,Common Stock
99,BYND, BEYOND MEAT INC,90.422,3.40%,3.45,Sell,3.432M,6.614B,BBG003CVJP50,XNAS,Common Stock
100,A, ARKK  ARK ETF TR INNOVATION ETF,89.854,4.86%,4.83,Sell,20.572M,—,BBG000C2V3D6,XNYS,Common Stock
101,U, UPST  UPSTART HLDGS INC,89.035,22.97%,19.31,Buy,4.401M,7.844B,BBG0056JW5G6,XNYS,Common Stock
102,RY, ROYAL BANK OF CANADA,86.615,0.90%,0.9,Strong Buy,1.469M,143.220B,BBG000BSSC44,XNYS,Common Stock
103,BMO, BANK OF MONTREAL,85.779,1.41%,1.38,Strong Buy,584.085K,64.423B,BBG000DLY9B9,XNYS,Common Stock
104,ACWI, ISHARES TRUST MSCI ACWI ETF,85.349,1.58%,1.54,Buy,16.310M,—,BBG000TH6VB3,XNAS,ETP
105,STX, SEAGATE TECHNOLOGY PLC,84.392,12.44%,10.84,Strong Buy,9.345M,18.518B,BBG000F0KF42,XNAS,Common Stock
106,PM, PHILIP MORRIS INTERNATIONAL INC,84.16,0.15%,0.15,Strong Buy,2.375M,152.269B,BBG000J2XL74,XNYS,Common Stock
107,EXAS, EXACT SCIENCES CORP,83.333,3.29%,3.08,Sell,1.408M,16.596B,BBG000CWL0F5,XNAS,Common Stock
108,PTON, PELOTON INTERACTIVE INC,83.195,1.35%,1.29,Sell,18.744M,36.035B,BBG00JG0FFZ2,XNAS,Common Stock
109,TQQQ, PROSHARES TRUST ULTRAPRO QQQ USD,82.67,6.50%,5.86,Sell,36.066M,—,BBG000QB9Y48,XNAS,ETP
110,SONY, SONY GROUP CORPORATION SPON ADS EACH REPR 1 ORD SHS,81.102,1.27%,1.18,Sell,696.742K,116.673B,BBG000BT7ZK6,XNYS,ADR
111,NGVT, INGEVITY CORPORATION,76.872,0.53%,0.47000000000000003,Strong Buy,226.885K,3.572B,BBG009LM28K6,XNYS,Common Stock
112,NVS, NOVARTIS AG ADR-EACH REPR 1 CHF0.5(REGD),76.631,0.63%,0.56,Buy,1.772M,200.767B,BBG000LYF3S8,XNYS,ADR
113,RIO, RIO TINTO ADR EACH REP 1 ORD,76.002,-1.99%,-1.79,Buy,3.253M,110.059B,BBG000FD28T3,XNYS,ADR
114,MS, MORGAN STANLEY,75.244,2.93%,2.49,Strong Buy,7.756M,137.730B,BBG000BLZRJ2,XNYS,Common Stock
115,H, HYG  ISHARES TRUST IBOXX USD HIGH YIELD CORPORATE BOND ETF,75.124,0.32%,0.28,Strong Buy,22.551M,—,BBG000CVRFS4,XNYS,Common Stock
116,RTX, RAYTHEON TECHNOLOGIES CORPORATION,73.978,2.51%,2.1,Buy,4.990M,130.116B,BBG000BW8S60,XNYS,Common Stock
117,CVS, CVS HEALTH CORPORATION,72.643,0.07%,0.06,Strong Buy,5.739M,111.026B,BBG000BGRY34,XNYS,Common Stock
118,K, KOD  KODIAK SCIENCES INC,72.402,4.64%,3.73,Sell,326.421K,4.308B,BBG000BMKDM3,XNYS,Common Stock
119,LNG, CHENIERE ENERGY INC,72.212,1.80%,1.48,Strong Buy,1.340M,21.254B,BBG000C3HSR0,XASE,Common Stock
120,APPN, APPIAN CORPORATION,71.721,7.45%,5.77,Sell,2.033M,5.899B,BBG001C7PMJ2,XNAS,Common Stock
121,N, NARI  INARI MEDICAL INC,69.723,-0.53%,-0.43,Sell,1.495M,4.021B,,,
122,MU, MICRON TECHNOLOGY INC,68.654,3.25%,2.51,Sell,18.241M,89.377B,BBG000C5Z1S3,XNAS,Common Stock
123,EFA, ISHARES TRUST MSCI EAFE ETF,68.534,1.67%,1.31,Buy,18.602M,—,BBG000D2KQ55,ARCX,ETP
124,NVO, NOVO NORDISK A/S ADR-EACH CNV INTO 1 CLASS'B'DKK1,68.138,0.27%,0.21,Buy,794.165K,137.243B,BBG000BQBKR3,XNYS,ADR
125,ORCL, ORACLE CORP,67.957,0.96%,0.75,Buy,9.033M,227.482B,BBG000BQLTW7,XNYS,Common Stock
126,MRK, MERCK & CO INC,67.44,-0.51%,-0.4,Buy,7.894M,198.235B,BBG000BPD168,XNYS,Common Stock
127,BHP, BHP GROUP LTD SPON ADS EACH REP 2 ORD SHS,66.734,-0.26%,-0.2,Buy,2.199M,114.099B,BBG000BD5NZ4,XNYS,ADR
128,C, CITIGROUP INC,65.95,1.69%,1.27,Strong Buy,14.123M,158.253B,BBG000FY4S11,XNYS,Common Stock
129,BUD, ANHEUSER-BUSCH INBEV SA/NV ADR EAH REP 1 ORD NPV,65.174,0.93%,0.7000000000000001,Strong Buy,1.031M,124.555B,BBG000RYC984,XNYS,ADR
130,AMD, Advanced Micro Devices Inc,64.253,2.05%,1.5,Sell,38.355M,90.628B,BBG000BBQCY0,XNAS,Common Stock
131,CGNX, COGNEX CORP,63.779,1.19%,0.87,Sell,1.155M,13.076B,BBG000BPBVW5,XNAS,Common Stock
132,SCHW, SCHWAB(CHARLES)CORP,63.098,4.00%,2.8200000000000003,Strong Buy,8.843M,132.366B,BBG000BSLZY7,XNYS,Common Stock
133,NEE, NEXTERA ENERGY INC,62.986,0.67%,0.49,Sell,5.446M,143.421B,BBG000BJSBJ0,XNYS,Common Stock
134,R, RILY  B RILEY FINANCIAL INC,62.547,-5.08%,-3.89,Buy,386.875K,1.974B,BBG000BRVP70,XNYS,Common Stock
135,TD, TORONTO-DOMINION BANK,62.375,1.17%,0.84,Strong Buy,2.319M,131.675B,BBG000BXBHJ4,XNYS,Common Stock
136,JOBS, 51JOB INC SPON ADS EACH REP 1 ORD SHS,61.927,0.53%,0.38,Buy,362.573K,4.845B,BBG000BJD1D4,XNAS,ADR
137,CTSH, COGNIZANT TECHNOLOGY SOLUTIONS CORP,61.169,-0.39%,-0.28,Sell,8.013M,37.452B,BBG000BBDV81,XNAS,Common Stock
138,NEM, NEWMONT CORPORATION,60.945,2.66%,1.83,Strong Buy,6.539M,56.682B,BBG000BPWXK1,XNYS,Common Stock
139,HDB, HDFC BANK LTD SPON ADS EACH REP 3 ORD SHS,60.368,0.82%,0.5700000000000001,Sell,918.797K,128.834B,BBG000NWKS18,XNYS,ADR
140,LITE, LUMENTUM HLDGS INC,60.342,3.89%,2.62,Sell,2.412M,5.317B,BBG0073F9RT7,XNAS,Common Stock
141,BERY, BERRY GLOBAL GROUP INC,59.601,0.23%,0.16,Buy,778.429K,9.334B,BBG000Q1R1Y9,XNYS,Common Stock
142,JD, JD.COM INC SPON ADS EACH REPR 2 ORD SHS CLASS A,58.705,1.67%,1.12,Sell,19.367M,89.961B,BBG005YHY0Q7,XNAS,ADR
143,ADM, ARCHER-DANIELS-MIDLAND CO,58.283,0.77%,0.52,Strong Buy,1.746M,37.802B,BBG000BB6WG8,XNYS,Common Stock
144,BMY, BRISTOL-MYERS SQUIBB CO,55.888,-0.25%,-0.16,Buy,7.556M,144.937B,BBG000DQLV23,XNYS,Common Stock
145,ACMR, ACM RESEARCH INC,55.854,0.45%,0.29,Sell,251.087K,1.234B,BBG00HPSG933,XNAS,Common Stock
146,HOLX, HOLOGIC INC,54.906,1.50%,0.9400000000000001,Sell,1.807M,16.332B,BBG000C3NTN5,XNAS,Common Stock
147,IP, INTERNATIONAL PAPER CO,53.967,0.21%,0.13,Strong Buy,1.496M,24.542B,BBG000BM5SR2,XNYS,Common Stock
148,FFG, FBL FINANCIAL GROUP INC,52.46,-0.03%,-0.02,Buy,16.743K,1.486B,BBG000H0JJ17,XNYS,Common Stock
149,XOM, EXXON MOBIL CORPORATION,52.348,2.48%,1.47,Strong Buy,20.735M,257.272B,BBG000GZQ728,XNYS,Common Stock
150,UL, UNILEVER PLC ADS-EA REPR 1 ORD GPB0.03111,52.193,0.56%,0.34,Strong Buy,1.304M,158.809B,BBG000BW1442,XNYS,ADR
151,CCEP, COCA-COLA EUROPACIFIC PARTNERS,51.917,2.92%,1.71,Strong Buy,1.027M,27.412B,BBG00B6BFWH9,XNYS,Common Stock
152,MPC, MARATHON PETROLEUM CORP,51.754,2.21%,1.3,Strong Buy,31.342M,39.211B,BBG001DCCGR8,XNYS,Common Stock
153,NEWR, NEW RELIC INC,51.073,4.68%,2.65,Sell,2.185M,3.739B,BBG001NFKJ68,XNYS,Common Stock
154,VZ, VERIZON COMMUNICATIONS,50.556,-0.20%,-0.12,Buy,13.770M,242.981B,BBG000HS77T5,XNYS,Common Stock
155,CMCSA, COMCAST CORP,50.548,2.25%,1.29,Strong Buy,15.864M,269.593B,BBG000BFT2L4,XNAS,Common Stock
156,ARGO, ARGO GROUP INTL HLDGS LTD,50.177,0.47%,0.27,Strong Buy,78.994K,2.027B,BBG000F4HLT8,XNYS,Common Stock
157,A, APP  APPLOVIN CORP,49.324,14.82%,7.39,Buy,1.199M,20.497B,BBG000C2V3D6,XNYS,Common Stock
158,HAE, HAEMONETICS CORP,48.239,8.09%,4.19,Sell,2.091M,2.846B,BBG000C7TF41,XNYS,Common Stock
159,F, FMHI  FIRST TR EXCHANGE-TRADED FD III MUNICIPAL HIGH INCOME ETF,47.8,0.10%,0.06,Buy,27.877K,—,BBG000BQPC32,XNYS,Common Stock
160,INTC, INTEL CORP,47.679,2.48%,1.34,Sell,28.158M,223.503B,BBG000C0G1D1,XNAS,Common Stock
161,AZN, ASTRAZENECA SPON ADR EACH REP 0.50 ORD SHS,47.559,0.29%,0.16,Buy,5.199M,144.955B,BBG000BZ0DK8,XNAS,ADR
162,KO, COCA-COLA CO,47.145,0.40%,0.22,Strong Buy,11.726M,235.978B,BBG000BMX289,XNYS,Common Stock
163,EINC, VANECK VECTORS ETF TRUST VANECK VECTORS ENERGY INCOME ETF NEW(P/S,46.947,1.99%,1.06,Strong Buy,12.854K,—,BBG002QM2M43,ARCX,ETP
164,CF, CF INDUSTRIES HOLDINGS INC,46.809,1.44%,0.77,Buy,1.451M,11.657B,BBG000BWJFZ4,XNYS,Common Stock
165,B, BXC  BLUELINX HLDGS INC,46.232,-5.54%,-3.15,Sell,430.575K,508.150M,BBG000BCSCB1,XNYS,Common Stock
166,X, XLE  SELECT SECTOR SPDR TRUST ENERGY,46.077,3.10%,1.6099999999999999,Strong Buy,28.592M,—,BBG000BX3TD3,XNYS,Common Stock
167,E, EEM  ISHARES TRUST MSCI EMG MKTS ETF USD DIS,45.612,1.81%,0.9400000000000001,Sell,40.363M,—,BBG000BBPZZ9,XNYS,ADR
168,CSCO, CISCO SYSTEMS INC,45.569,0.78%,0.41000000000000003,Strong Buy,14.789M,223.333B,BBG000C3J3C9,XNAS,Common Stock
169,SNY, SANOFI SPON ADR ECH REP 0.5 ORD SHS,45.431,0.38%,0.2,Strong Buy,1.389M,131.923B,BBG000BBD5N1,XNAS,ADR
170,GOLF, ACUSHNET HOLDINGS CORP,45.336,3.64%,1.85,Strong Buy,547.057K,3.898B,BBG00D5L3SS4,XNYS,Common Stock
171,LKQ, LKQ CORPORATION,43.656,2.90%,1.43,Strong Buy,1.531M,15.313B,BBG000PXDL44,XNAS,Common Stock
172,N, NCNO  NCINO INC,43.217,0.82%,0.41000000000000003,Sell,1.340M,4.734B,,,
173,N, NSTG  NANOSTRING TECHNOLOGIES INC,42.468,1.82%,0.88,Sell,1.163M,2.229B,,,
174,MMP, MAGELLAN MIDSTREAM PARTNERS L.P.,42.278,1.13%,0.55,Strong Buy,2.077M,10.959B,BBG000BCJXW2,XNYS,MLP
175,C, CFFI  C & F FINANCIAL CORP,42.14,4.22%,1.98,Strong Buy,25.446K,180.185M,BBG000FY4S11,XNYS,Common Stock
176,BCE, BCE INC,42.132,0.56%,0.27,Strong Buy,1.388M,44.245B,BBG000BCXNS3,XNYS,Common Stock
177,TOT, TOTAL SE SPON ADS EA REP 1 ORD SHS,41.977,3.79%,1.78,Strong Buy,1.928M,128.144B,BBG000CHZ857,XNYS,ADR
178,A, AMRK  A MARK PRECIOUS METALS INC,41.451,5.94%,2.7,Buy,376.721K,343.166M,BBG000C2V3D6,XNYS,Common Stock
179,MIME, MIMECAST LIMITED,40.995,0.06%,0.03,Buy,713.351K,3.064B,BBG00B6W26V8,XNAS,Common Stock
180,UBER, UBER TECHNOLOGIES INC,40.848,6.61%,2.94,Sell,25.323M,88.759B,BBG002B04MT8,XNYS,Common Stock
181,H, HLG  HAILIANG EDUCATION GROUP INC SPON ADR EACH REPR 16 ORD SHS,40.469,1.25%,0.58,Sell,2.433K,1.211B,BBG000CVRFS4,XNYS,Common Stock
182,WFC, WELLS FARGO & COMPANY,40.452,1.21%,0.56,Buy,17.079M,194.112B,BBG000BWQFY7,XNYS,Common Stock
183,P, PLBY  PLBY GROUP INC,40.417,16.11%,6.51,Buy,2.597M,287.444M,,,
184,DKNG, DRAFTKINGS INC,38.669,9.51%,3.9,Sell,28.429M,18.000B,BBG00TCBG714,XNAS,Common Stock
185,A, AMTI  APPLIED MOLECULAR TRANSPORT INC,38.505,8.79%,3.61,Sell,192.387K,1.711B,BBG000C2V3D6,XNYS,Common Stock
186,M, MVBF  MVB FINANCIAL CORP,38.367,3.82%,1.6400000000000001,Strong Buy,68.837K,517.657M,BBG000C46HM9,XNYS,Common Stock
187,FXI, ISHARES TRUST CHINA LARGE-CAP ETF,38.083,1.52%,0.66,Sell,19.724M,—,BBG000Q8RVM1,ARCX,ETP
188,M, MDWT  MIDWEST HLDG INC,37.402,-4.78%,-2.18,Strong Sell,5.389K,162.285M,BBG000C46HM9,XNYS,Common Stock
189,B, BMBL  BUMBLE INC,36.886,5.78%,2.34,Sell,3.094M,4.939B,BBG000BCSCB1,XNYS,Common Stock
190,FSLY, FASTLY INC,36.696,6.55%,2.62,Sell,4.724M,4.929B,BBG004NLQHL0,XNYS,Common Stock
191,BAC, BANK OF AMERICA CORPORATION,36.489,1.24%,0.52,Strong Buy,30.928M,362.996B,BBG000BCTLF6,XNYS,Common Stock
192,KBR, KBR INC,36.472,1.63%,0.68,Strong Buy,1.465M,5.985B,BBG000P28YZ6,XNYS,Common Stock
193,FCX, FREEPORT-MCMORAN INC,36.429,0.76%,0.32,Strong Buy,21.488M,61.977B,BBG000BJDB15,XNYS,Common Stock
194,O, OM  OUTSET MEDICAL INC,36.291,1.54%,0.64,Sell,586.751K,1.937B,BBG000DHPN63,XNYS,REIT
195,FTCH, FARFETCH LTD,36.093,12.51%,4.66,Sell,15.547M,14.865B,BBG00LSD4456,XNYS,Common Stock
196,PFE, PFIZER INC,34.474,-0.20%,-0.08,Buy,18.041M,223.238B,BBG000BR2B91,XNYS,Common Stock
197,GRWG, GROWGENERATION CORP,34.396,12.38%,4.4,Sell,2.622M,1.956B,BBG00DBKBYB5,XNAS,Common Stock
198,LIVE, LIVE VENTURES INCORPORATED,33.983,11.82%,4.17,Strong Buy,43.436K,61.352M,BBG000CPW0C1,XNAS,Common Stock
199,V, VIAC  VIACOMCBS INC,33.518,1.04%,0.4,Sell,17.029M,25.135B,BBG000PSKYX7,XNYS,Common Stock
200,A, AMTR  ETRACS ALERIAN MIDSTREAM ENERGY TOTAL RETURN INDEX ETN,33.354,2.00%,0.76,Strong Buy,170,—,BBG000C2V3D6,XNYS,Common Stock
201,V, VXX  BARCLAYS BANK PLC IPATH B S&P 500 VIX STF ETN,33.25,-11.76%,-5.14,Sell,22.618M,—,BBG000PSKYX7,XNYS,Common Stock
202,JHG, JANUS HENDERSON GROUP PLC,32.854,1.52%,0.5700000000000001,Strong Buy,1.065M,6.573B,BBG00GSNPM07,XNYS,Common Stock
203,PTCT, PTC THERAPEUTICS INC,32.725,-1.04%,-0.4,Sell,695.526K,3.327B,BBG000QT15P7,XNAS,Common Stock
204,XLF, SELECT SECTOR SPDR TRUST FINANCIAL,32.63,1.58%,0.59,Strong Buy,44.850M,—,BBG000BJ29X7,ARCX,ETP
205,GDX, VANECK VECTORS ETF TRUST GOLD MINERS ETF,32.596,2.46%,0.91,Strong Buy,19.786M,—,BBG000PLNQN7,ARCX,ETP
206,A, API  AGORA INC SPON ADS EACH REP 4 ORD SHS CL A,32.415,1.87%,0.6900000000000001,Sell,1.562M,3.188B,BBG000C2V3D6,XNYS,Common Stock
207,EWZ, ISHARES INC MSCI BRAZIL ETF,32.294,1.38%,0.51,Strong Buy,24.851M,—,BBG000CPLR52,ARCX,ETP
208,B, BLI  BERKELEY LIGHTS INC,31.984,2.01%,0.73,Sell,1.661M,2.461B,BBG000BCSCB1,XNYS,Common Stock
209,K, KRBN  KRANESHARES GLOBAL CARBON ETF,31.821,4.35%,1.54,Strong Buy,621.881K,—,BBG000BMKDM3,XNYS,Common Stock
210,DXC, DXC TECHNOLOGY COMPANY,31.752,3.80%,1.35,Strong Buy,2.073M,9.384B,BBG00FN64XT9,XNYS,Common Stock
211,M, MASS  908 DEVICES INC,31.726,0.22%,0.08,Sell,692.008K,1.005B,BBG000C46HM9,XNYS,Common Stock
212,A, AMCA  ISHARES TRUST RUSSELL 1000 PURE US REVENUE,31.717,1.20%,0.44,Buy,339,—,BBG000C2V3D6,XNYS,Common Stock
213,C, CPNG  COUPANG INC,31.381,13.70%,4.39,Sell,11.063M,62.483B,BBG000FY4S11,XNYS,Common Stock
214,FDP, FRESH DEL MONTE PRODUCE INC,30.787,1.02%,0.36,Strong Buy,222.120K,1.698B,BBG000JLQGN3,XNYS,Common Stock
215,R, RMBL  RUMBLEON INC,30.683,12.76%,4.03,Sell,57.688K,83.223M,BBG000BRVP70,XNYS,Common Stock
216,O, ONTF  ON24 INC,30.313,3.99%,1.35,Sell,164.754K,1.630B,BBG000DHPN63,XNYS,REIT
217,A, AMND  ETRACS ALERIAN MIDSTREAM ENERGY HIGH DIVIDEND INDEX ETN,30.279,1.90%,0.66,Strong Buy,40,—,BBG000C2V3D6,XNYS,Common Stock
218,C, CSSE  CHICKEN SOUP FOR THE SOUL ENTMT INC,29.994,6.74%,2.2,Strong Buy,75.879K,486.924M,BBG000FY4S11,XNYS,Common Stock
219,ELAN, ELANCO ANIMAL HEALTH INC,29.977,2.50%,0.85,Strong Buy,2.812M,16.453B,BBG00LJYS1P8,XNYS,Common Stock
220,M, MAX  MEDIAALPHA INC,29.977,-9.54%,-3.67,Strong Sell,426.051K,1.332B,BBG000C46HM9,XNYS,Common Stock
221,M, MLPR  ETRACS QUARTERLY PAY 1.5X LEVERAGED ALERIAN MLP INDEX ETN,29.572,2.62%,0.88,Strong Buy,2.444K,—,BBG000C46HM9,XNYS,Common Stock
222,J, JRVR  JAMES RIVER GROUP HOLDINGS,29.555,4.54%,1.49,Sell,445.128K,1.279B,BBG000BMFFQ0,XNYS,Common Stock
223,P, PUBM  PUBMATIC INC,29.142,-1.43%,-0.49,Sell,1.396M,2.709B,,,
224,F, FORM  FORMFACTOR INC,29.116,1.84%,0.61,Sell,554.648K,2.624B,BBG000BQPC32,XNYS,Common Stock
225,D, DMTK  DERMTECH INC,28.935,15.27%,4.45,Sell,1.450M,972.051M,BBG000BGVW60,XNYS,Common Stock
226,NIO, NIO INC,28.788,7.05%,2.2,Sell,80.213M,43.189B,BBG00LPXZB46,XNYS,ADR
227,V, VIXM  PROSHARES TRUST II VIX MID-TERM FUTURES (POST REV SPLIT),28.573,-4.96%,-1.73,Strong Sell,64.185K,—,BBG000PSKYX7,XNYS,Common Stock
228,T, TZA  DIREXION SHARES ETF TRUST DIREXION DILY SMALL CAP BR 3X SHS (R/S),28.28,-7.39%,-2.62,Sell,9.122M,—,BBG000BSJK37,XNYS,Common Stock
229,O, ONEM  1LIFE HEALTHCARE INC,28.22,-0.14%,-0.04,Strong Sell,3.501M,4.498B,BBG000DHPN63,XNYS,REIT
230,B, BNR  BURNING ROCK BIOTECH LTD SPON ADS EACH REP 1 ORD SHS CL A,28.22,13.55%,3.91,Strong Buy,474.773K,2.865B,BBG000BCSCB1,XNYS,Common Stock
231,P, PNTG  PENNANT GROUP INC,28.073,-1.00%,-0.33,Sell,97.135K,1.197B,,,
232,F, FCBP  FIRST CHOICE BANCORP,27.91,0.59%,0.19,Buy,76.792K,383.111M,BBG000BQPC32,XNYS,Common Stock
233,T, AT&T INC,27.772,0.09%,0.03,Buy,21.182M,230.194B,BBG000BSJK37,XNYS,Common Stock
234,IMO, IMPERIAL OIL,27.608,1.49%,0.47000000000000003,Buy,468.483K,23.527B,BBG000C32XT3,XASE,Common Stock
235,SOXL, DIREXION SHARES ETF TRUST DAILY SEMICONDUCTOR BULL 3X SHS,27.505,8.86%,2.6,Sell,21.881M,—,BBG000QG1D78,ARCX,ETP
236,L, LSF  LAIRD SUPERFOOD INC,27.358,-6.75%,-2.3,Strong Sell,119.565K,285.551M,BBG000C45984,XNYS,Common Stock
237,A, ABCL  ABCELLERA BIOLOGICS INC,27.35,-7.00%,-2.39,Buy,902.161K,8.602B,BBG000C2V3D6,XNYS,Common Stock
238,HSBC, HSBC HOLDINGS PLC ADR EACH REPR 5 ORD USD0.50,27.333,1.83%,0.5700000000000001,Strong Buy,2.285M,129.616B,BBG000C1K7N0,XNYS,ADR
239,MD, MEDNAX INC,27.16,2.17%,0.67,Buy,547.048K,2.720B,BBG000H8LGK2,XNYS,Common Stock
240,Z, ZEUS  OLYMPIC STEEL INC,26.902,-5.76%,-1.9100000000000001,Buy,140.082K,345.869M,BBG009NRSWJ4,XNAS,Common Stock
241,C, CCOR  CORE ALTERNATIVE ETF,26.316,0.28%,0.08,Buy,12.756K,—,BBG000FY4S11,XNYS,Common Stock
242,N, NEWT  NEWTEK BUSINESS SERVICES CORP,26.273,-1.23%,-0.38,Buy,207.856K,683.383M,,,
243,EWP, ISHARES INC MSCI SPAIN ETF,26.204,2.53%,0.75,Strong Buy,663.354K,—,BBG000BK58Q1,ARCX,ETP
244,BLNK, BLINK CHARGING CO,25.799,14.23%,3.73,Sell,3.899M,1.257B,BBG000F9XKN7,XNAS,Common Stock
245,L, LEGN  LEGEND BIOTECH CORP SPON ADS EACH REP 2 ORD SHS,25.498,-4.58%,-1.42,Buy,2.398M,3.907B,BBG000C45984,XNYS,Common Stock
246,PLT, PLANTRONICS INC,25.36,-20.41%,-7.55,Strong Sell,4.278M,1.215B,BBG000BH9955,XNYS,Common Stock
247,T, TMCI  TREACE MED CONCEPTS INC,25.36,8.80%,2.38,Neutral,300.533K,1.520B,BBG000BSJK37,XNYS,Common Stock
248,F, FTHM  FATHOM HLDGS INC,25.325,12.26%,3.21,Sell,129.343K,423.813M,BBG000BQPC32,XNYS,Common Stock
249,A, ALKT  ALKAMI TECHNOLOGY INC,25.188,-5.74%,-1.78,Sell,953.671K,2.446B,BBG000C2V3D6,XNYS,Common Stock
250,D, DIVZ  TRUESHARES LOW VOLATILITY EQUITY INCOME ETF,25.188,0.96%,0.28,Strong Buy,7.077K,—,BBG000BGVW60,XNYS,Common Stock
251,JAMF, JAMF HOLDING CORP,24.671,2.21%,0.62,Sell,328.489K,3.372B,BBG00VSYYVB8,XNAS,Common Stock
252,NCLH, NORWEGIAN CRUISE LINE HLDGS LTD,24.619,8.09%,2.14,Buy,23.141M,10.573B,BBG000BSRN78,XNYS,Common Stock
253,A, AMZA  ETFIS SERIES TRUST I INFRACAP ACTIVE MLP ETF (POST REV SPLIT),24.387,2.31%,0.64,Strong Buy,132.375K,—,BBG000C2V3D6,XNYS,Common Stock
254,BGFV, BIG 5 SPORTING GOODS CORP,24.214,1.77%,0.49,Buy,1.239M,626.578M,BBG000NF3BG5,XNAS,Common Stock
255,C, CEM  CLEARBRIDGE MLP AND MIDSTREAM FUND,24.171,1.67%,0.46,Strong Buy,159.066K,390.393M,BBG000FY4S11,XNYS,Common Stock
256,N, NKTX  NKARTA INC,24.085,16.79%,4.02,Sell,363.044K,917.720M,,,
257,E, EWTX  EDGEWISE THERAPEUTICS INC,23.861,9.96%,2.51,Neutral,100.595K,1.364B,BBG000BBPZZ9,XNYS,ADR
258,D, DSP  VIANT TECHNOLOGY INC,23.585,13.66%,3.29,Sell,382.134K,1.614B,BBG000BGVW60,XNYS,Common Stock
259,CCL, CARNIVAL CORP,23.43,8.28%,2.08,Buy,35.570M,30.788B,BBG000BF6LY3,XNYS,Common Stock
260,L, LQDT  LIQUIDITY SVCS INC,23.422,4.02%,1.05,Buy,314.664K,955.084M,BBG000C45984,XNYS,Common Stock
261,CLDS, DIREXION DAILY CLOUD COMPUTING BEAR 2X SHARES,23.017,-5.70%,-1.6099999999999999,Buy,10.886K,—,BBG00YQ6VHK9,ARCX,ETP
262,BP, BP SPON ADR EACH REP 6 ORD SHS,22.957,2.94%,0.76,Strong Buy,15.700M,89.523B,BBG000BT4FC2,XNYS,ADR
263,EXPI, EXP WORLD HOLDINGS INC,22.914,13.82%,3.23,Sell,2.189M,3.851B,BBG001DCTG63,XNAS,Common Stock
264,SPXS, DIREXION SHARES ETF TRUST DAILY S&P 500 BEAR 3X SHS (R/S),22.896,-4.56%,-1.27,Strong Sell,7.070M,—,BBG000JLK7V0,ARCX,ETP
265,F, FDMT  4D MOLECULAR THERAPEUTICS INC,22.827,0.30%,0.08,Sell,130.981K,707.402M,BBG000BQPC32,XNYS,Common Stock
266,BHLB, BERKSHIRE HILLS BANCORP INC,22.767,-0.34%,-0.09,Buy,227.554K,1.353B,BBG000BB00D7,XNYS,Common Stock
267,B, BYRN  BYRNA TECHNOLOGIES INC,22.698,0.11%,0.03,Buy,52.527K,540.997M,BBG000BCSCB1,XNYS,Common Stock
268,NLOK, NORTONLIFELOCK INC,22.474,2.84%,0.72,Buy,13.137M,15.182B,BBG000BH2JM1,XNAS,Common Stock
269,RIOT, RIOT BLOCKCHAIN INC,22.414,17.05%,3.79,Sell,22.634M,4.985B,BBG000BQ4512,XNAS,Common Stock
270,JMIA, JUMIA TECHNOLOGIES AG SPON ADS EACH REP 2 ORD SHS,22.379,12.47%,2.88,Sell,6.335M,2.329B,BBG00NKZF9N8,XNYS,ADR
271,H, HYMU  BLACKROCK HIGH YIELD MUNI INCOME BOND ETF,22.302,0.11%,0.03,Buy,3.132K,—,BBG000CVRFS4,XNYS,Common Stock
272,F, FFWM  FIRST FOUNDATION INC,22.13,0.55%,0.14,Strong Buy,137.140K,1.150B,BBG000BQPC32,XNYS,Common Stock
273,X, UNITED STATES STEEL CORP,21.966,-0.86%,-0.22,Buy,24.653M,6.876B,BBG000BX3TD3,XNYS,Common Stock
274,G, GBL  GAMCO INVESTORS INC,21.932,1.88%,0.47000000000000003,Buy,45.910K,695.442M,BBG000RQBFV2,XNYS,Common Stock
275,I, INMU  BLACKROCK INTERMEDIATE MUNI INCOME BOND ETF,21.932,0.04%,0.01,Buy,2,—,,,
276,SLV, ISHARES SILVER TRUST ISHARES,21.932,1.19%,0.30000000000000004,Strong Buy,22.956M,—,BBG000NDCRW7,ARCX,ETP
277,K, KNL  KNOLL INC,21.725,2.35%,0.58,Buy,530.628K,1.281B,BBG000BMKDM3,XNYS,Common Stock
278,L, LBAY  LEATHERBACK LONG SHORT ALTERNATIVE YIELD ETF,21.656,0.74%,0.18,Strong Buy,965,—,BBG000C45984,XNYS,Common Stock
279,OXY, OCCIDENTAL PETROLEUM CORP,21.621,5.86%,1.3900000000000001,Sell,19.640M,23.429B,BBG000BQQ2S6,XNYS,Common Stock
280,BKR, BAKER HUGHES COMPANY,21.621,3.08%,0.75,Strong Buy,7.098M,19.423B,BBG00GBVBK51,XNYS,Common Stock
281,F, FAZ  DIREXION SHARES ETF TRUST DIREXION DAILY FINL BR 3X SH NEW 21(R/S),21.544,-4.72%,-1.24,Sell,938.226K,—,BBG000BQPC32,XNYS,Common Stock
282,DTJ, DTE ENERGY CO 5.375% SUBORD DEB 01/06/76 USD25 B,21.535,-1.50%,-0.38,Strong Sell,92.170K,27.339B,,XNYS,
283,G, GMTA  GATX CORP 5.625% NTS 30/05/66 USD25,21.535,0.00%,0.0,Strong Sell,5.274K,3.592B,BBG000RQBFV2,XNYS,Common Stock
284,M, MGNI  MAGNITE INC,21.527,1.88%,0.46,Sell,3.678M,2.888B,BBG000C46HM9,XNYS,Common Stock
285,F, FSBC  FIVE STAR BANCORP,21.466,-0.08%,-0.02,Buy,23.639K,405.498M,BBG000BQPC32,XNYS,Common Stock
286,E, EWO  ISHARES INC MSCI AUSTRIA ETF,21.311,2.40%,0.58,Strong Buy,23.333K,—,BBG000BBPZZ9,XNYS,ADR
287,Q, QID  PROSHARES TRUST ULTRASHORT QQQ ETF (POST REV SPLIT),21.199,-4.39%,-1.13,Sell,10.538M,—,,,
288,PLUG, PLUG POWER INC,21.173,11.93%,2.62,Sell,82.514M,14.719B,BBG000C1XSP8,XNAS,Common Stock
289,HRB, BLOCK(H & R) INC,21.148,0.61%,0.15,Strong Buy,1.325M,4.454B,BBG000BLDV98,XNYS,Common Stock
290,C, CRCT  CRICUT INC,21.139,22.70%,4.54,Strong Buy,1.272M,5.432B,BBG000FY4S11,XNYS,Common Stock
291,H, HAYW  HAYWARD HLDGS INC,21.139,7.30%,1.67,Strong Buy,985.222K,5.672B,BBG000CVRFS4,XNYS,Common Stock
292,L, LABD  DIREXION SHARES ETF TRUST DAILY S&P BIOTECH BEAR 3X SHS NEW(R/S),21.122,-10.87%,-2.99,Buy,3.058M,—,BBG000C45984,XNYS,Common Stock
293,EGHT, 8X8 INC NEW,21.096,-0.45%,-0.11,Sell,1.431M,2.632B,BBG000BCGHH7,XNYS,Common Stock
294,C, CRC  CALIFORNIA RESOURCES CORP,20.786,-6.69%,-1.73,Sell,1.076M,2.011B,BBG000FY4S11,XNYS,Common Stock
295,C, CTR  CLEARBRIDGE MLP AND MIDSTREAM TOTAL,20.769,2.51%,0.59,Strong Buy,37.024K,175.120M,BBG000FY4S11,XNYS,Common Stock
296,L, LAND  GLADSTONE LAND CORP,20.691,4.89%,1.12,Strong Buy,443.386K,661.319M,BBG000C45984,XNYS,Common Stock
297,H, HBB  HAMILTON BEACH BRANDS HLDG CO,20.631,-0.66%,-0.16,Buy,31.240K,332.475M,BBG000CVRFS4,XNYS,Common Stock
298,F, FLIC  FIRST OF LONG ISLAND CORP,20.166,0.17%,0.04,Buy,37.920K,556.788M,BBG000BQPC32,XNYS,Common Stock
299,M, MARA  MARATHON DIGITAL HOLDINGS INC,19.881,17.40%,3.42,Sell,24.536M,2.296B,BBG000C46HM9,XNYS,Common Stock
300,SIM, GRUPO SIMEC SAB DE CV ADR(EACH REP 3'B'ORD NPV),19.838,14.84%,2.98,Strong Buy,30.100K,3.821B,BBG000BG80W7,XASE,ADR
301,A, AMTB  AMERANT BANCORP INC,19.821,6.28%,1.3599999999999999,Strong Buy,240.327K,973.040M,BBG000C2V3D6,XNYS,Common Stock
302,B, BRPA  BIG ROCK PARTNERS ACQUISITION CORP,19.821,-10.33%,-2.65,Strong Sell,56.122K,61.856M,BBG000BCSCB1,XNYS,Common Stock
303,C, CPTA  CAPITALA FINANCE CORP,19.744,2.28%,0.51,Buy,19.215K,62.138M,BBG000FY4S11,XNYS,Common Stock
304,A, AVIR  ATEA PHARMACEUTICALS INC,19.735,19.20%,3.69,Sell,1.611M,1.896B,BBG000C2V3D6,XNYS,Common Stock
305,I, IHRT  IHEARTMEDIA INC,19.502,2.96%,0.65,Buy,1.187M,3.190B,,,
306,M, MRLN  MARLIN BUSINESS SERVICES CORP,19.373,0.18%,0.04,Buy,91.345K,270.087M,BBG000C46HM9,XNYS,Common Stock
307,WEBS, DIREXION DAILY DOW JONES INTERNET BEAR 3X SHARES,19.321,-8.71%,-2.14,Sell,35.634K,—,BBG00QRNGT65,ARCX,ETP
308,AAL, AMERICAN AIRLINES GROUP INC,19.296,5.61%,1.19,Strong Buy,39.182M,14.367B,BBG005P7Q881,XNAS,Common Stock
309,B, BIS  PROSHARES TRUST ULTRASHT NASDAQ BIOTECHNOLGY NEW 20(R/S),19.261,-4.62%,-1.08,Sell,18.127K,—,BBG000BCSCB1,XNYS,Common Stock
310,E, EMO  CLEARBRIDGE ENERGY MIDSTREAM OPPRT,19.141,3.01%,0.65,Strong Buy,63.289K,301.070M,BBG000BBPZZ9,XNYS,ADR
311,F, FFC  FLAHERTY & CRUMRINE PFD AND INM SEC,19.123,0.54%,0.12,Sell,108.613K,991.077M,BBG000BQPC32,XNYS,Common Stock
312,IGT, INTERNATIONAL GAME TECHNOLOGY PLC,18.951,-0.45%,-0.1,Buy,2.641M,4.507B,BBG0081VHTP3,XNYS,Common Stock
313,FOE, FERRO CORP,18.779,0.65%,0.14,Buy,2.759M,1.801B,BBG000BJQK11,XNYS,Common Stock
314,P, PRAX  PRAXIS PRECISION MEDICINES INC,18.693,15.61%,2.93,Sell,4.727M,1.172B,,,
315,B, BTX  BROOKLYN IMMUNO THERAPEUTICS INC,18.606,-7.81%,-1.83,Sell,4.420M,897.739M,BBG000BCSCB1,XNYS,Common Stock
316,C, CLAR  CLARUS CORPORATION,18.331,1.82%,0.38,Buy,510.244K,666.366M,BBG000FY4S11,XNYS,Common Stock
317,B, BANX  STONECASTLE FINL CORP,18.262,-0.24%,-0.05,Buy,10.189K,139.331M,BBG000BCSCB1,XNYS,Common Stock
318,A, ALGS  ALIGOS THERAPEUTICS INC,18.253,-6.28%,-1.42,Strong Sell,88.360K,808.477M,BBG000C2V3D6,XNYS,Common Stock
319,LAZR, LUMINAR TECHNOLOGIES INC,18.219,12.38%,2.33,Buy,3.244M,7.185B,BBG00MS90LK2,XNAS,Common Stock
320,VALE, VALE S.A. SPONS ADS REPR 1 COM NPV,18.115,-1.13%,-0.24,Buy,29.951M,107.901B,BBG000BN5LG7,XNYS,ADR
321,E, EBET  ESPORTS TECHNOLOGIES INC,18.081,0.53%,0.11,Sell,114.580K,—,BBG000BBPZZ9,XNYS,ADR
322,C, CSTR  CAPSTAR FINANCIAL HOLDINGS INC,18.003,2.30%,0.47000000000000003,Strong Buy,64.343K,461.777M,BBG000FY4S11,XNYS,Common Stock
323,B, BNL  BROADSTONE NET LEASE INC,17.736,0.83%,0.17,Strong Buy,1.125M,3.002B,BBG000BCSCB1,XNYS,Common Stock
324,FUBO, FUBOTV INC,17.685,12.37%,2.26,Buy,20.219M,2.884B,BBG002CV4Q74,XNYS,Common Stock
325,S, SPXU  PROSHARES TRUST ULTRAPRO SHRT S&P 500 ETF(POST REV SPLT),17.306,-4.61%,-0.97,Strong Sell,9.529M,—,,,
326,PLTR, PALANTIR TECH INC,17.297,9.31%,1.71,Sell,79.410M,37.685B,BBG000N7QR55,XNYS,Common Stock
327,D, DEA  EASTERLY GOVERNMENT PROPERTIES INC,17.271,-0.45%,-0.09,Sell,468.070K,1.682B,BBG000BGVW60,XNYS,Common Stock
328,A, AMPH  AMPHASTAR PHARMACEUTICALS INC,17.202,2.10%,0.41000000000000003,Strong Buy,227.247K,951.279M,BBG000C2V3D6,XNYS,Common Stock
329,K, KSPN  KASPIEN HOLDINGS INC,17.133,12.37%,2.19,Sell,9.655K,49.302M,BBG000BMKDM3,XNYS,Common Stock
330,CLF, CLEVELAND CLIFFS INC,16.806,-1.46%,-0.29,Buy,28.813M,9.743B,BBG000BFRF55,XNYS,Common Stock
331,F, FGBI  FIRST GUARANTY BANCSHARES INC,16.66,2.55%,0.48,Buy,25.289K,188.391M,BBG000BQPC32,XNYS,Common Stock
332,AMJ, JPMORGAN CHASE & CO. ETN 24/05/24 ALERIAN MLP,16.599,2.88%,0.54,Strong Buy,745.540K,—,BBG000BHV9F9,ARCX,ETP
333,G, GFN  GENERAL FINANCE CORPORATION,16.332,0.00%,0.0,Buy,150.126K,573.369M,BBG000RQBFV2,XNYS,Common Stock
334,K, KNBE  KNOWBE4 INC,16.1,6.50%,1.1400000000000001,Buy,210.475K,3.104B,BBG000BMKDM3,XNYS,Common Stock
335,T, TYHT  SHINECO INC,16.005,21.28%,3.26,Strong Buy,484.055K,17.204M,BBG000BSJK37,XNYS,Common Stock
336,M, MACY'S INC,15.574,14.00%,2.22,Strong Buy,29.393M,5.636B,BBG000C46HM9,XNYS,Common Stock
337,H, HOOK  HOOKIPA PHARMA INC,15.126,4.28%,0.72,Buy,404.925K,523.541M,BBG000CVRFS4,XNYS,Common Stock
338,N, NOV  NOV INC,15.083,5.04%,0.84,Strong Buy,2.671M,6.840B,,,
339,I, IPFF  ISHARES TRUST INTERNATIONAL PREFERRED STOCK ETF,15.057,0.46%,0.08,Buy,4.804K,—,,,
340,G, GDYN  GRID DYNAMICS HOLDINGS INC,14.472,2.82%,0.46,Strong Buy,90.179K,910.100M,BBG000RQBFV2,XNYS,Common Stock
341,T, TIGR  UP FINTECH HOLDING LIMITED SPON ADS EACH REP 15 ORD SHS CL A,14.463,14.53%,2.13,Sell,6.884M,1.989B,BBG000BSJK37,XNYS,Common Stock
342,C, CBAN  COLONY BANKCORP INC,14.42,1.15%,0.19,Strong Buy,26.220K,158.859M,BBG000FY4S11,XNYS,Common Stock
343,L, LCUT  LIFETIME BRANDS IN,14.058,0.74%,0.12,Buy,41.106K,358.712M,BBG000C45984,XNYS,Common Stock
344,A, AEYE  AUDIOEYE INC,13.869,-10.65%,-1.92,Strong Sell,308.541K,175.553M,BBG000C2V3D6,XNYS,Common Stock
345,M, MLPB  UBS AG LONDON ETRACS ALERIAN MLP INFRA ETN B 02/04/40,13.851,1.64%,0.26,Strong Buy,20.034K,—,BBG000C46HM9,XNYS,Common Stock
346,DUST, DIREXION DAILY GOLD MINERS INDEX BEAR 2X SHARES,13.688,-5.13%,-0.86,Strong Sell,2.759M,—,BBG0019YYBZ3,ARCX,ETP
347,B, BMEA  BIOMEA FUSION INC,13.671,-0.25%,-0.04,Sell,188.996K,432.742M,BBG000BCSCB1,XNYS,Common Stock
348,ATMP, BARCLAYS BANK PLC IPATH SELECT MLP ETN,13.662,1.82%,0.28,Strong Buy,9.356K,—,BBG0047C1H17,BATS,ETP
349,YANG, DIREXION SHARES ETF TRUST DAILY FTSE CHINA BEAR 3X,13.567,-5.12%,-0.85,Buy,388.808K,—,BBG000PY4W66,ARCX,ETP
350,C, CLSK  CLEANSPARK INC,13.516,13.37%,1.85,Sell,1.859M,533.739M,BBG000FY4S11,XNYS,Common Stock
351,C, CGA  CHINA GREEN AGRICULTURE INC,13.343,-7.91%,-1.33,Buy,97.767K,129.344M,BBG000FY4S11,XNYS,Common Stock
352,G, GDXD  MICROSECTORS GOLD MINERS 3X LEVERAGED INVERSE ETN,13.292,-8.15%,-1.37,Strong Sell,40.236K,—,BBG000RQBFV2,XNYS,Common Stock
353,S, SKLZ  SKILLZ INC,13.274,12.24%,1.6800000000000002,Sell,21.393M,6.101B,,,
354,N, NCTY  THE9 LTD SPON ADS EACH REP 30 CL A ORD SHS,13.257,14.51%,1.9500000000000002,Sell,1.108M,174.603M,,,
355,TME, TENCENT MUSIC ENTERTAINMENT GROUP SPON ADS EACH REPR 2 ORD SHS CL A,13.102,4.39%,0.64,Sell,17.762M,12.700B,BBG00LDC5RK5,XNYS,ADR
356,G, GYLD  ARROW ETF TR ARROW DOW JONES GLOBAL YIELD ETF,13.085,0.80%,0.12,Strong Buy,15.100K,—,BBG000RQBFV2,XNYS,Common Stock
357,E, ESEA  EUROSEAS LTD,12.981,-5.64%,-0.9,Sell,206.729K,102.224M,BBG000BBPZZ9,XNYS,ADR
358,A, ALTG  ALTA EQUIPMENT GROUP INC,12.921,16.28%,2.1,Strong Buy,373.366K,484.476M,BBG000C2V3D6,XNYS,Common Stock
359,ERY, DIREXION DAILY ENERGY BEAR 2X SHARES,12.869,-6.57%,-1.05,Strong Sell,1.004M,—,BBG000JLLQ38,ARCX,ETP
360,E, EDUT  GLOBAL X EDUCATION ETF,12.792,2.06%,0.30000000000000004,Sell,3.656K,—,BBG000BBPZZ9,XNYS,ADR
361,V, VTRU  VITRU LTD,12.749,18.40%,2.3,Strong Buy,57.140K,341.260M,BBG000PSKYX7,XNYS,Common Stock
362,S, SBOW  SILVERBOW RESOURCES INC,12.516,-6.92%,-1.08,Buy,381.023K,177.215M,,,
363,T, TWM  PROSHARES TRUST ULTRASHORT RUSSELL2000 NEW(PST REV SPLT),12.49,-4.79%,-0.73,Sell,2.608M,—,BBG000BSJK37,XNYS,Common Stock
364,A, AMBC  AMBAC FINANCIAL GROUP INC,12.447,-0.48%,-0.07,Sell,661.886K,667.548M,BBG000C2V3D6,XNYS,Common Stock
365,B, BOCH  BANK OF COMMERCE HOLDINGS INC,12.266,1.71%,0.24,Strong Buy,66.158K,239.246M,BBG000BCSCB1,XNYS,Common Stock
366,A, ARRY  ARRAY TECHNOLOGIES INC,12.258,-1.52%,-0.22,Sell,9.738M,1.807B,BBG000C2V3D6,XNYS,Common Stock
367,C, COMP  COMPASS INC,12.189,3.59%,0.49,Sell,940.750K,5.669B,BBG000FY4S11,XNYS,Common Stock
368,A, APLT  APPLIED THERAPEUTICS INC,12.103,-0.92%,-0.13,Strong Sell,122.182K,366.444M,BBG000C2V3D6,XNYS,Common Stock
369,MVIS, MICROVISION INC WASHINGTON,12.094,12.50%,1.56,Buy,12.578M,2.218B,BBG000BVKXQ5,XNAS,Common Stock
370,V, VVNT  VIVINT SMART HOME INC,12.068,19.54%,2.29,Buy,2.071M,2.925B,BBG000PSKYX7,XNYS,Common Stock
371,TLRY, TILRAY INC,11.999,1.83%,0.25,Sell,22.006M,3.276B,BBG00L7XTP60,XNAS,Common Stock
372,HRTX, HERON THERAPEUTICS INC,11.931,-10.85%,-1.69,Strong Sell,8.387M,1.410B,BBG000G2GJT7,XNAS,Common Stock
373,N, NRGD  MICROSECTORS U.S. BIG OIL INDEX -3X INVERSE LEVERAGED ETN,11.931,-11.31%,-1.77,Strong Sell,393.378K,—,,,
374,L, LMPX  LMP AUTOMOTIVE HOLDINGS INC,11.827,13.47%,1.63,Sell,53.858K,138.013M,BBG000C45984,XNYS,Common Stock
375,KT, KT CORPORATION SPON ADR EACH REP 1/2 ORD SHS KRW5000,11.819,-0.87%,-0.12,Buy,541.271K,6.636B,BBG000KG5F93,XNYS,ADR
376,V, VOXX  VOXX INTERNATIONAL CORPORAT,11.819,-17.84%,-2.98,Strong Sell,988.908K,456.785M,BBG000PSKYX7,XNYS,Common Stock
377,B, BCOV  BRIGHTCOVE INC,11.819,3.70%,0.49,Sell,179.802K,553.587M,BBG000BCSCB1,XNYS,Common Stock
378,A, AGTI  AGILITI INC,11.775,-3.60%,-0.51,Sell,346.389K,1.353B,BBG000C2V3D6,XNYS,Common Stock
379,I, IMPL  IMPEL NEUROPHARMA INC,11.732,-2.37%,-0.33,Strong Sell,65.339K,254.731M,,,
380,E, ECC  EAGLE POINT CREDIT CO LLC,11.638,6.38%,0.81,Strong Buy,842.452K,437.115M,BBG000BBPZZ9,XNYS,ADR
381,O, OCCI  OFS CREDIT COMPANY INC,11.612,-1.10%,-0.15,Sell,100.621K,64.908M,BBG000DHPN63,XNYS,REIT
382,L, LRMR  LARIMAR THERAPEUTICS INC,11.517,13.69%,1.6099999999999999,Buy,221.358K,205.466M,BBG000C45984,XNYS,Common Stock
383,GE, GENERAL ELECTRIC CO,11.422,2.24%,0.29,Buy,50.676M,116.405B,BBG000BK6MB5,XNYS,Common Stock
384,C, CARA  CARA THERAPEUTICS INC,11.371,2.48%,0.32,Sell,486.118K,660.686M,BBG000FY4S11,XNYS,Common Stock
385,NMRK, NEWMARK GROUP INC,11.353,1.07%,0.14,Buy,592.327K,2.518B,BBG00J24S765,XNAS,Common Stock
386,L, LDI  LOANDEPOT INC,11.276,8.18%,0.99,Sell,367.270K,1.654B,BBG000C45984,XNYS,Common Stock
387,B, BNKD  MICROSECTORS U.S. BIG BANKS INDEX -3X INVERSE LEVERAGED ETN,11.267,-6.56%,-0.92,Strong Sell,16.374K,—,BBG000BCSCB1,XNYS,Common Stock
388,RRC, RANGE RESOURCES CORP,11.233,13.19%,1.52,Strong Buy,6.833M,3.385B,BBG000FVXD63,XNYS,Common Stock
389,C, CEN  CENTER CST BRKFLD MLP & ENGY INFRA,11.207,0.77%,0.1,Strong Buy,10.964K,64.094M,BBG000FY4S11,XNYS,Common Stock
390,AMC, AMC ENTERTAINMENT HOLDINGS INC,11.181,1.64%,0.21,Strong Buy,207.590M,5.845B,BBG000TDCVT6,XNYS,Common Stock
391,IMLP, BARCLAYS BANK PLC IPATH S&P MLP ETN (25/09/42),11.155,1.82%,0.23,Strong Buy,530,—,BBG003Q8MD95,BATS,ETP
392,L, LTRN  LANTERN PHARMA INC,11.147,-6.23%,-0.86,Strong Sell,242.464K,144.687M,BBG000C45984,XNYS,Common Stock
393,L, LVTX  LAVA THERAPEUTICS NV,11.138,-7.31%,-1.02,Sell,74.722K,327.796M,BBG000C45984,XNYS,Common Stock
394,K, KRP  KIMBELL ROYALTY PARTNERS LP,11.121,-1.15%,-0.15,Buy,120.672K,513.151M,BBG000BMKDM3,XNYS,Common Stock
395,H, HYRE  HYRECAR INC,11.121,44.57%,3.98,Strong Buy,20.662M,262.465M,BBG000CVRFS4,XNYS,Common Stock
396,INVA, INNOVIVA INC,11.086,0.94%,0.12,Strong Buy,489.148K,1.305B,BBG000CG9XT7,XNAS,Common Stock
397,A, ATER  ATERIAN INC,11.069,3.30%,0.41000000000000003,Sell,711.453K,280.707M,BBG000C2V3D6,XNYS,Common Stock
398,B, BDSX  BIODESIX INC,10.871,0.24%,0.03,Sell,85.980K,338.986M,BBG000BCSCB1,XNYS,Common Stock
399,D, DUG  PROSHARES TRUST ULTRASHORT OIL & GAS NEW 2013,10.862,-6.25%,-0.84,Strong Sell,466.651K,—,BBG000BGVW60,XNYS,Common Stock
400,I, IMUX  IMMUNIC INC,10.768,-4.58%,-0.6000000000000001,Strong Sell,140.830K,271.868M,,,
401,P, PSACU  PROPERTY SOLUTIONS ACQ CORP UNITS(1 COM & 1 WT EXP) 30/03/2027,10.768,-5.02%,-0.66,Strong Sell,314,368.956M,,,
402,P, PCT  PURECYCLE TECHNOLOGIES INC,10.707,14.88%,1.6099999999999999,Sell,2.674M,1.471B,,,
403,L, LBC  LUTHER BURBANK CORPORATION,10.699,2.73%,0.33,Strong Buy,52.139K,648.494M,BBG000C45984,XNYS,Common Stock
404,B, BTRS  BTRS HOLDINGS INC,10.63,3.96%,0.47000000000000003,Sell,926.392K,1.930B,BBG000BCSCB1,XNYS,Common Stock
405,JILL, J JILL INC,10.595,21.30%,2.16,Strong Buy,234.117K,119.400M,BBG00FZBYDS7,XNYS,Common Stock
406,EDU, NEW ORIENTAL ED & TECHNOLOGY GP INC SPON ADS EA REP 1 ORD SHS,10.509,5.99%,0.6900000000000001,Sell,42.034M,20.913B,BBG000PTRRM5,XNYS,ADR
407,N, NGVC  NATURAL GROCERS BY VITA COTTAGE,10.483,1.67%,0.2,Sell,71.548K,275.124M,,,
408,F, FNCH  FINCH THERAPEUTICS GROUP INC,10.371,0.08%,0.01,Sell,149.203K,567.631M,BBG000BQPC32,XNYS,Common Stock
409,A, AMUB  UBS AG LONDON ETRACS ALERIAN MLP ETN SER B 18/07/42,10.346,1.71%,0.2,Strong Buy,10.901K,—,BBG000C2V3D6,XNYS,Common Stock
410,R, RENN  RENREN INC SPON ADS EACH REP 45 ORD (POST SPLIT),10.337,36.83%,3.23,Strong Buy,623.690K,201.521M,BBG000BRVP70,XNYS,Common Stock
411,SQQQ, PROSHARES TRUST ULTRAPRO SHORT QQQ NEW 2020(R/S),10.277,-6.58%,-0.84,Sell,87.374M,—,BBG000QBB5Z4,XNAS,ETP
412,E, EOSE  EOS ENERGY ENTERPRISES INC,10.259,12.41%,1.31,Sell,642.179K,617.212M,BBG000BBPZZ9,XNYS,ADR
413,HIBS, DIREXION DAILY S&P 500 HIGH BETA BEAR 3X SHARES,10.208,-9.33%,-1.22,Sell,283.955K,—,BBG00QRNF0V1,ARCX,ETP
414,F, FORD MTR CO DEL,10.199,2.51%,0.29,Buy,48.619M,47.261B,BBG000BQPC32,XNYS,Common Stock
415,MRC, MRC GLOBAL INC,10.182,5.54%,0.62,Strong Buy,367.775K,975.219M,BBG000BKLTM1,XNYS,Common Stock
416,R, REW  PROSHARES TRUST ULTRASHORT TECHNOLOGY NEW 2020(R/S),10.165,-5.18%,-0.64,Sell,21.863K,—,BBG000BRVP70,XNYS,Common Stock
417,MRO, MARATHON OIL CORPORATION,10.165,6.59%,0.73,Strong Buy,19.199M,9.300B,BBG000C8H633,XNYS,Common Stock
418,BVN, COMPANIA DE MINAS BUENAVENTURA S.A SPON ADR REP 1 COM PEN10,10.096,5.49%,0.61,Strong Buy,1.233M,2.974B,BBG000GPXR82,XNYS,ADR
419,A, AMWL  AMERICAN WELL CORP,10.087,16.52%,1.6600000000000001,Sell,8.436M,2.815B,BBG000C2V3D6,XNYS,Common Stock
420,L, LABP  LANDOS BIOPHARMA INC,10.035,14.22%,1.45,Strong Buy,220.057K,467.370M,BBG000C45984,XNYS,Common Stock
421,G, GER  GOLDMAN SACHS MLP ENERGY RENAISSANC,9.855,4.28%,0.47000000000000003,Strong Buy,83.052K,194.764M,BBG000RQBFV2,XNYS,Common Stock
422,P, PLXP  PLX PHARMA INC,9.536,12.96%,1.27,Strong Buy,262.517K,252.798M,,,
423,G, GRCL  GRACELL BIOTECHNOLOGIES INC SPON ADS EACH REP 5 ORD SHS,9.519,13.33%,1.3,Sell,62.109K,218.889M,BBG000RQBFV2,XNYS,Common Stock
424,MOXC, MOXIAN INC,9.338,13.87%,1.32,Strong Buy,4.425M,175.516M,BBG001LWMD73,XNAS,Common Stock
425,I, INTZ  INTRUSION INC,9.338,21.93%,1.9500000000000002,Sell,731.300K,191.001M,,,
426,N, NETE  NET ELEMENT INC,9.338,16.43%,1.53,Buy,335.510K,56.457M,,,
427,F, FTIVU  FINTECH ACQUISITION CORP IV UNT 1 CL A & 1/3 WT EXP 31/12/25,9.303,-4.58%,-0.52,Strong Sell,1.925K,340.047M,BBG000BQPC32,XNYS,Common Stock
428,S, SSG  PROSHARES TRUST ULTRASHORT SEMICONDUCTORS NEW 2020,9.234,-6.47%,-0.74,Buy,20.174K,—,,,
429,S, STKS  THE ONE GROUP HOSPITALITY INC,9.14,-10.01%,-1.18,Buy,468.886K,250.724M,,,
430,L, LBPS  4D PHARMA PLC SPONS ADR EACH REP 8 ORD SHS,9.097,0.09%,0.01,Sell,13.637K,237.996M,BBG000C45984,XNYS,Common Stock
431,F, FSR  FISKER INC,9.045,5.53%,0.55,Sell,39.982M,3.091B,BBG000BQPC32,XNYS,Common Stock
432,N, NGS  NATURAL GAS SERVICES GROUP,9.036,7.15%,0.7000000000000001,Strong Buy,63.181K,142.872M,,,
433,S, SIF  SIFCO INDUSTRIES INC,9.019,6.84%,0.67,Sell,19.701K,62.706M,,,
434,F, FKWL  FRANKLIN WIRELESS CORPORATION,9.002,-2.34%,-0.25,Sell,21.054K,120.972M,BBG000BQPC32,XNYS,Common Stock
435,C, CCXI  CHEMOCENTRYX INC,8.993,4.71%,0.47000000000000003,Sell,3.065M,728.186M,BBG000FY4S11,XNYS,Common Stock
436,S, SOXS  DIREXION SHARES ETF TRUST DAILY SEMICONDUCTOR BEAR 3X SHS NEW(R/S),8.976,-8.76%,-1.0,Sell,10.698M,—,,,
437,S, SGU  STAR GROUP LP,8.924,-4.52%,-0.49,Sell,169.134K,416.464M,,,
438,S, SRTY  PROSHARES TRUST ULTRAPRO SHRT RUSSELL 2000(PST REV SPLT),8.881,-7.28%,-0.81,Sell,5.743M,—,,,
439,ET, ENERGY TRANSFER LP,8.709,1.30%,0.13,Buy,39.092M,27.332B,BBG000BM2FL9,XNYS,MLP
440,A, ARYA  ARYA SCIENCES ACQUISITION CORP III,8.692,1.82%,0.18,Sell,49.496K,193.592M,BBG000C2V3D6,XNYS,Common Stock
441,BCX, BLACKROCK RES & COMMDITIES STRGY TR,8.649,0.30%,0.03,Buy,393.728K,909.249M,BBG0019VQB06,XNYS,Closed-End Fund
442,E, ENPC.U  EXECUTIVE NETWORK PARTNERING CORP UNIT 1 CL A & 1/4 RED WT EXP,8.614,0.30%,0.03,Sell,250.350K,431.420M,BBG000BBPZZ9,XNYS,ADR
443,PBR.A, PETROLEO BRASILEIRO SA PETROBRAS SPONS ADR-EACH REPR 2 PREF SHS NPV,8.554,5.41%,0.51,Strong Buy,20.255M,27.814B,BBG000BVNV22,XNYS,ADR
444,B, BFLY  BUTTERFLY NETWORK INC,8.528,4.76%,0.45,Sell,5.939M,1.632B,BBG000BCSCB1,XNYS,Common Stock
445,B, BFI  BURGERFI INTERNATIONAL INC,8.511,6.81%,0.63,Sell,265.908K,176.738M,BBG000BCSCB1,XNYS,Common Stock
446,S, SLGL  SOL GEL TECHNOLOGIES LTD,8.442,-14.41%,-1.65,Sell,68.176K,297.860M,,,
447,W, WISH  CONTEXTLOGIC INC,8.433,20.72%,1.6800000000000002,Sell,27.261M,8.819B,BBG001B17MV2,XNYS,Common Stock
448,PBR, PETROLEO BRASILEIRO SA PETROBR,8.338,4.99%,0.46,Strong Buy,39.982M,36.020B,BBG000BS6FX9,XNYS,ADR
449,L, LMB  LIMBACH HOLDINGS INC,8.33,-9.63%,-1.03,Strong Sell,285.280K,99.134M,BBG000C45984,XNYS,Common Stock
450,S, SDS  PROSHARES TRUST ULTRASHRT S&P 500 POST REV SPLIT USD DIS,8.313,-3.21%,-0.32,Strong Sell,16.699M,—,,,
451,S, SNSE  SENSEI BIOTHERAPEUTICS INC,8.27,-5.88%,-0.6000000000000001,Sell,125.967K,438.639M,,,
452,I, IH  IHUMAN INC SPON ADS EACH REP 5 CL A ORD SHS,8.27,-4.38%,-0.44,Sell,118.467K,235.435M,,,
453,C, CTOS  CUSTOM TRUCK ONE SOURCE INC,8.244,-4.59%,-0.46,Sell,319.531K,2.353B,BBG000FY4S11,XNYS,Common Stock
454,D, DRIP  DIREXION DAILY S&P OIL & GAS EXP. & PROD. BEAR 2X SHARES,8.209,-11.35%,-1.22,Strong Sell,4.277M,—,BBG000BGVW60,XNYS,Common Stock
455,F, FORA  FORIAN INC,8.089,-0.84%,-0.08,Sell,73.662K,—,BBG000BQPC32,XNYS,Common Stock
456,AMTX, AEMETIS INC,8.089,4.22%,0.38,Sell,1.819M,294.982M,BBG000BWBZY9,XNAS,Common Stock
457,F, FEIM  FREQUENCY ELECTRONICS INC,8.011,0.00%,0.0,Sell,13.719K,85.557M,BBG000BQPC32,XNYS,Common Stock
458,C, CURI  CURIOSITYSTREAM INC,7.847,8.58%,0.72,Sell,1.759M,478.878M,BBG000FY4S11,XNYS,Common Stock
459,JDST, DIREXION DAILY JUNIOR GOLD MINERS INDEX BEAR 2X SHARES,7.804,-6.21%,-0.6000000000000001,Strong Sell,2.389M,—,BBG005CM7H38,ARCX,ETP
460,C, CNSL  CONSOLIDATED COMMUNICATIONS HLDGS,7.796,5.11%,0.44,Strong Buy,365.970K,723.850M,BBG000FY4S11,XNYS,Common Stock
461,A, ADN  ADVENT TECHNOLOGIES HLDGS INC,7.753,0.22%,0.02,Sell,218.992K,415.158M,BBG000C2V3D6,XNYS,Common Stock
462,L, LFMD  LIFEMD INC,7.563,34.87%,2.27,Sell,14.892M,124.788M,BBG000C45984,XNYS,Common Stock
463,E, EDZ  DIREXION SHARES ETF TRUST DAILY MSCI EMRG MKTS BR 3X SHS,7.546,-5.40%,-0.5,Buy,248.801K,—,BBG000BBPZZ9,XNYS,ADR
464,O, OCGN  OCUGEN INC,7.537,6.32%,0.52,Neutral,42.017M,1.735B,BBG000DHPN63,XNYS,REIT
465,F, FRLN  FREELINE THERAPEUTICS HLDGS PLC SPON ADS EACH REP 1 ORD SHS,7.537,0.00%,0.0,Sell,27.857K,313.731M,BBG000BQPC32,XNYS,Common Stock
466,I, IPWR  IDEAL POWER INC,7.52,21.42%,1.54,Sell,241.000K,51.263M,,,
467,A, ACY  AEROCENTURY CORP,7.46,12.32%,0.9500000000000001,Sell,1.690M,13.388M,BBG000C2V3D6,XNYS,Common Stock
468,A, AKTS  AKOUSTIS TECHNOLOGIES INC,7.365,2.40%,0.2,Sell,717.627K,430.699M,BBG000C2V3D6,XNYS,Common Stock
469,ENBL, ENABLE MIDSTREAM PARTNERS LP,7.348,0.95%,0.08,Strong Buy,2.083M,3.718B,BBG0036FB0H2,XNYS,MLP
470,F, FLUX  FLUX POWER HOLDINGS INC,7.348,-4.69%,-0.42,Sell,178.253K,108.363M,BBG000BQPC32,XNYS,Common Stock
471,L, LXEH  LIXIANG EDUCATION HLDG SPON ADS EACH REP 5 ORD SHS REG S,7.322,-7.61%,-0.7000000000000001,Strong Sell,810,85.001M,BBG000C45984,XNYS,Common Stock
472,CODX, CO DIAGNOSTICS INC,7.288,18.16%,1.3,Buy,2.175M,242.523M,BBG004HTR2D1,XNAS,Common Stock
473,S, SDOW  PROSHARES TRUST ULTRAPRO SHRT DOW 30,7.262,-3.55%,-0.31,Strong Sell,18.203M,—,,,
474,D, DSE  DUFF & PHELPS SELECT MLP AND MIDSTR,7.253,1.45%,0.12,Strong Buy,9.081K,22.089M,BBG000BGVW60,XNYS,Common Stock
475,L, LEDS  SEMILEDS CORPORATION,7.219,34.08%,2.13,Strong Buy,16.936M,34.005M,BBG000C45984,XNYS,Common Stock
476,L, LBPH  LONGBOARD PHARMACEUTICALS INC,7.141,-5.37%,-0.47000000000000003,Sell,34.758K,140.242M,BBG000C45984,XNYS,Common Stock
477,W, WDH  WATERDROP INC ADS EACH REPR 10 CL ORD SHS,7.046,17.53%,1.22,—,2.879M,2.568B,BBG001B17MV2,XNYS,Common Stock
478,A, AUVI  APPLIED UV INC,7.003,5.17%,0.4,Sell,944.063K,76.442M,BBG000C2V3D6,XNYS,Common Stock
479,A, ATNF  180 LIFE SCIENCES CORP,6.926,17.37%,1.19,Buy,423.461K,43.192M,BBG000C2V3D6,XNYS,Common Stock
480,P, PFSW  PFSWEB INC,6.857,14.86%,1.03,Strong Buy,82.743K,162.257M,,,
481,A, AEVA  AEVA TECHNOLOGIES INC,6.84,12.46%,0.88,Sell,5.532M,1.676B,BBG000C2V3D6,XNYS,Common Stock
482,V, VIXY  PROSHARES TRUST II VIX SHORT TERM FUTURES ETF USD,6.814,-11.72%,-1.05,Sell,12.918M,—,BBG000PSKYX7,XNYS,Common Stock
483,M, MKTY  MECHANICAL TECHNOLOGY INC,6.797,15.35%,1.05,Buy,154.215K,97.119M,BBG000C46HM9,XNYS,Common Stock
484,M, MTEM  MOLECULAR TEMPLATES INC,6.771,-5.76%,-0.48,Strong Sell,438.298K,440.849M,BBG000C46HM9,XNYS,Common Stock
485,F, FFHL  FUWEI FILMS (HOLDINGS) CO LTD,6.728,4.27%,0.32,Sell,26.338K,25.506M,BBG000BQPC32,XNYS,Common Stock
486,FCEL, FUELCELL ENERGY INC,6.676,8.70%,0.62,Sell,18.866M,2.499B,BBG000HQ1LB3,XNAS,Common Stock
487,F, FEI  FIRST TR MLP & ENERGY INCOME FD,6.667,2.25%,0.17,Strong Buy,127.639K,351.418M,BBG000BQPC32,XNYS,Common Stock
488,T, TLMD  SOC TELEMED INC,6.633,12.57%,0.86,Buy,814.463K,591.155M,BBG000BSJK37,XNYS,Common Stock
489,N, NEPH  NEPHROS INC,6.59,-4.61%,-0.37,Sell,15.918K,76.211M,,,
490,L, LYRA  LYRA THERAPEUTICS INC,6.538,1.74%,0.13,Sell,105.165K,98.678M,BBG000C45984,XNYS,Common Stock
491,I, ISNS  IMAGE SENSING SYSTEMS INC,6.383,14.35%,0.93,Buy,701.157K,39.676M,,,
492,I, IMMR  IMMERSION CORP,6.331,1.80%,0.13,Sell,375.299K,227.008M,,,
493,L, LINC  LINCOLN EDUCATIONAL SERVICES CORP,6.314,0.00%,0.0,Buy,606.008K,197.148M,BBG000C45984,XNYS,Common Stock
494,K, KMF  KAYNE ANDERSON NEXTGEN ENERGY & INF,6.133,1.57%,0.11,Strong Buy,83.774K,336.046M,BBG000BMKDM3,XNYS,Common Stock
495,B, BLDE  BLADE AIR MOBILITY INC,6.09,1.87%,0.13,Sell,980.462K,583.275M,BBG000BCSCB1,XNYS,Common Stock
496,C, CHCI  COMSTOCK HOLDING COMPANIES INC,6.047,-2.36%,-0.17,Buy,1.178M,57.733M,BBG000FY4S11,XNYS,Common Stock
497,E, EZPW  EZCORP INC,5.987,4.04%,0.27,Strong Buy,597.419K,388.114M,BBG000BBPZZ9,XNYS,ADR
498,ACB, AURORA CANNABIS INC,5.909,-6.28%,-0.46,Strong Sell,14.690M,1.358B,BBG006SCSYG7,XNYS,Common Stock
499,S, SMDD  PROSHARES TRUST ULTRAPRO SHORT MIDCAP 400,5.84,-5.04%,-0.36,Strong Sell,44.538K,—,,,
500,I, IHT  INNSUITES HOSPITALITY TRUST,5.797,4.67%,0.30000000000000004,Buy,33.363M,60.997M,,,
501,J, JAN  JANONE INC,5.78,-1.47%,-0.1,Sell,1.326M,16.127M,BBG000BMFFQ0,XNYS,Common Stock
502,T, TECS  DIREXION SHARES ETF TRUST DIRXON DLY TECHNOLOGY BEAR 3X SHS (P/S,5.771,-6.29%,-0.45,Sell,2.156M,—,BBG000BSJK37,XNYS,Common Stock
503,A, AIH  AESTHETIC MEDICAL INT HLDGS GRP LTD SPON ADS EACH REP 3 ORD SHS,5.746,11.35%,0.68,Buy,213.532K,144.290M,BBG000C2V3D6,XNYS,Common Stock
504,GGB, GERDAU SA SPONS ADR EACH REP 1 PRF SHS NPV,5.668,-2.08%,-0.14,Buy,26.358M,7.458B,BBG000K91FQ4,XNYS,ADR
505,F, FSTX  F-STAR THERAPEUTICS INC,5.659,-0.76%,-0.05,Sell,148.222K,120.796M,BBG000BQPC32,XNYS,Common Stock
506,D, DMAC  DIAMEDICA THERAPEUTICS INC,5.599,0.46%,0.03,Sell,112.094K,122.110M,BBG000BGVW60,XNYS,Common Stock
507,BTU, PEABODY ENERGY CO,5.599,2.52%,0.16,Buy,4.759M,638.950M,BBG00GBV88T6,XNYS,Common Stock
508,A, AP  AMPCO-PITTSBURGH CORP,5.582,12.89%,0.74,Sell,100.752K,122.134M,BBG000C2V3D6,XNYS,Common Stock
509,H, HMPT  HOME PT CAPITAL INCORPORATED,5.573,8.19%,0.49,Sell,190.798K,898.424M,BBG000CVRFS4,XNYS,Common Stock
510,B, BLCT  BLUECITY HOLDINGS LTD SPON ADS EACH REP 0.5 ORD SHS CL A,5.565,2.38%,0.15,Sell,94.860K,157.764M,BBG000BCSCB1,XNYS,Common Stock
511,H, HBP  HUTTIG BUILDINGS PRODUCTS INC,5.427,-0.32%,-0.02,Buy,179.474K,172.619M,BBG000CVRFS4,XNYS,Common Stock
512,P, PCSA  PROCESSA PHARMACEUTICALS INC,5.384,1.46%,0.09,Sell,31.850K,53.996M,,,
513,NNDM, NANO DIMENSION LTD SPON ADS EA REPR 1 ORD SHS,5.367,12.66%,0.7000000000000001,Sell,15.756M,1.072B,BBG009DFFVW2,XNAS,ADR
514,L, LEXX  LEXARIA BIOSCIENCE CORP,5.332,-4.77%,-0.31,Buy,118.036K,18.579M,BBG000C45984,XNYS,Common Stock
515,G, GTYH  GTY TECHNOLOGY HOLDINGS INC,5.332,19.27%,1.0,Strong Buy,345.049K,355.892M,BBG000RQBFV2,XNYS,Common Stock
516,BBVA, BANCO BILBAO VIZCAYA ARGENTARIA SA ADS EACH REPR 1 ORD EUR0.49,5.306,3.36%,0.2,Strong Buy,1.568M,40.986B,BBG000BXD232,XNYS,ADR
517,C, CRMD  CORMEDIX INC,5.212,-19.97%,-1.51,Strong Sell,3.115M,230.046M,BBG000FY4S11,XNYS,Common Stock
518,C, CPSH  CPS TECHNOLOGIES CORPORATION,5.186,17.81%,0.91,Sell,1.144M,86.534M,BBG000FY4S11,XNYS,Common Stock
519,E, EDAP  EDAP TMS S.A. SPON ADR EACH REPR 1 ORD SHARE,5.143,0.67%,0.04,Sell,223.490K,173.975M,BBG000BBPZZ9,XNYS,ADR
520,S, SCPS  SCOPUS BIOPHARMA INC,5.117,14.89%,0.77,Sell,64.176K,122.518M,,,
521,GEVO, GEVO INC,5.082,23.95%,1.1400000000000001,Sell,35.338M,1.169B,BBG000P7S7L7,XNAS,Common Stock
522,M, MVO  MV OIL TRUST,5.074,4.43%,0.25,Strong Buy,119.703K,67.735M,BBG000C46HM9,XNYS,Common Stock
523,I, IPW  IPOWER INC,5.013,15.71%,0.79,Sell,1.003M,143.198M,,,
524,K, KRBP  KIROMIC BIOPHARMA INC,4.988,9.25%,0.49,Sell,16.337K,42.458M,BBG000BMKDM3,XNYS,Common Stock
525,G, GNT  GAMCO NATURAL RES GOLD & INCOM TR,4.901,1.79%,0.1,Strong Buy,87.351K,118.961M,BBG000RQBFV2,XNYS,Common Stock
526,C, CHRA  CHARAH SOLUTIONS INC,4.798,-6.07%,-0.36,Buy,386.363K,169.485M,BBG000FY4S11,XNYS,Common Stock
527,O, ORPH  ORPHAZYME A/S SPON ADS REP 1 ORD SHS,4.746,1.10%,0.06,Sell,8.818K,192.587M,BBG000DHPN63,XNYS,REIT
528,C, CPRX  CATALYST PHARMACEUTICALS INC,4.746,10.64%,0.53,Strong Buy,2.486M,569.536M,BBG000FY4S11,XNYS,Common Stock
529,ITUB, ITAU UNIBANCO HOLDINGS S.A. ADR EACH REPR 1 PRF NPV,4.712,3.21%,0.17,Strong Buy,41.236M,26.373B,BBG000BPVKZ4,XNYS,ADR
530,I, III  INFORMATION SERVICES GROUP INC,4.677,-0.91%,-0.05,Buy,357.011K,260.718M,,,
531,C, CORR  CORENERGY INFRASTRUCTURE TR INC,4.677,1.50%,0.08,Sell,435.692K,74.130M,BBG000FY4S11,XNYS,Common Stock
532,O, OSS  ONE STOP SYSTEMS INC,4.677,23.41%,1.03,Buy,670.836K,100.511M,BBG000DHPN63,XNYS,REIT
533,BNGO, BIONANO GENOMICS INC,4.652,22.45%,0.99,Sell,103.757M,1.505B,BBG001KWWRS9,XNAS,Common Stock
534,A, AYTU  AYTU BIOPHARMA INC,4.634,3.16%,0.17,Sell,306.392K,126.402M,BBG000C2V3D6,XNYS,Common Stock
535,E, ELTK  ELTEK LTD,4.617,4.79%,0.24,Sell,369.474K,31.275M,BBG000BBPZZ9,XNYS,ADR
536,M, MDCA  MDC PARTNERS INC,4.591,8.11%,0.4,Strong Buy,418.685K,418.968M,BBG000C46HM9,XNYS,Common Stock
537,L, LOTZ  CARLOTZ INC,4.402,4.50%,0.22,Sell,3.218M,580.854M,BBG000C45984,XNYS,Common Stock
538,SWN, SOUTHWESTERN ENERGY CO,4.367,7.42%,0.35000000000000003,Strong Buy,15.756M,2.749B,BBG000BTR593,XNYS,Common Stock
539,O, ORGS  ORGENESIS INC,4.359,14.74%,0.65,Buy,286.387K,123.868M,BBG000DHPN63,XNYS,REIT
540,K, KALA  KALA PHARMACEUTICALS INC,4.359,-0.59%,-0.03,Sell,3.076M,327.091M,BBG000BMKDM3,XNYS,Common Stock
541,L, LHDX  LUCIRA HEALTH INC,4.307,-16.11%,-0.96,Sell,3.761M,192.674M,BBG000C45984,XNYS,Common Stock
542,E, EXTN  EXTERRAN CORPORATION,4.23,9.11%,0.41000000000000003,Strong Buy,797.349K,163.433M,BBG000BBPZZ9,XNYS,ADR
543,NOK, NOKIA OYJ ADR EACH REPR 1 ORD NPV,4.221,3.16%,0.15,Strong Buy,24.306M,27.584B,BBG000BNGBW9,XNYS,ADR
544,G, GLTO  GALECTO INC,4.186,-1.42%,-0.07,Sell,70.813K,122.772M,BBG000RQBFV2,XNYS,Common Stock
545,Q, QH  QUHUO LTD SPON ADS EACH REP 1 ORD SHS CL A,4.186,-4.52%,-0.23,Sell,52.059K,264.141M,,,
546,K, KBNT  KUBIENT INC,4.074,16.79%,0.68,Sell,562.293K,36.408M,BBG000BMKDM3,XNYS,Common Stock
547,BBD, BANCO BRADESCO SA SPONS ADR EACH REPR 1 PRF NPV,4.057,2.39%,0.11,Strong Buy,23.493M,22.836B,BBG000BS6WW3,XNYS,ADR
548,E, EZGO  EZGO TECHNOLOGIES LTD,4.014,0.65%,0.03,Sell,346.384K,50.507M,BBG000BBPZZ9,XNYS,ADR
549,I, IKT  INHIBIKASE THERAPEUTICS INC,3.954,-6.33%,-0.31,Strong Sell,34.387K,46.174M,,,
550,UAVS, AGEAGLE AERIAL SYSTEMS INC,3.937,12.56%,0.51,Sell,2.310M,312.684M,BBG000DH97L9,XASE,Common Stock
551,L, LCI  LANNETT CO INC,3.928,-5.98%,-0.29,Sell,500.859K,188.994M,BBG000C45984,XNYS,Common Stock
552,M, MTR  MESA ROYALTY TRUST,3.894,-9.42%,-0.47000000000000003,Sell,144.665K,8.423M,BBG000C46HM9,XNYS,Common Stock
553,M, MDLY  MEDLEY MANAGEMENT INC,3.851,-19.46%,-1.08,Strong Sell,268.198K,13.687M,BBG000C46HM9,XNYS,Common Stock
554,S, SRAX  SRAX INC,3.825,14.73%,0.5700000000000001,Strong Buy,721.321K,102.945M,,,
555,E, ELYS  ELYS GAME TECHNOLOGY CORP,3.799,27.46%,0.9500000000000001,Buy,2.162M,97.069M,BBG000BBPZZ9,XNYS,ADR
556,AMRN, AMARIN CORP ADR EACH REP 1 ORD GBP0.50,3.773,2.82%,0.12,Sell,5.197M,1.729B,BBG000BPYG99,XNAS,ADR
557,M, MOSY  MOSYS INC,3.747,50.52%,1.46,Strong Buy,59.301M,26.686M,BBG000C46HM9,XNYS,Common Stock
558,APRN, BLUE APRON HOLDINGS INC,3.721,5.88%,0.24,Sell,568.444K,77.981M,BBG00FPFJTB9,XNYS,Common Stock
559,UVXY, PROSHARES TRUST II ULTRA VIX SHT TRM FUTR ETF,3.661,-17.95%,-0.93,Strong Sell,124.323M,—,BBG0024QY1Y6,BATS,ETP
560,H, HALL  HALLMARK FINANCIAL SERVICES INC,3.635,17.22%,0.62,Buy,907.828K,76.560M,BBG000CVRFS4,XNYS,Common Stock
561,C, CHS  CHICO'S FAS INC,3.627,15.34%,0.56,Strong Buy,3.038M,516.079M,BBG000FY4S11,XNYS,Common Stock
562,C, CBIO  CATALYST BIOSCIENCES INC,3.601,-1.88%,-0.08,Sell,292.794K,131.042M,BBG000FY4S11,XNYS,Common Stock
563,BEDU, BRIGHT SCHOLAR EDUCATION HLDGS LTD SPON ADR EACH REP 1 ORD SHS CL A,3.549,0.49%,0.02,Sell,80.555K,105.865M,BBG00GGXGNN1,XNYS,ADR
564,RIG, TRANSOCEAN LIMITED,3.463,7.49%,0.28,Strong Buy,23.460M,2.482B,BBG000BH5LT6,XNYS,Common Stock
565,PRPO, PRECIPIO INC,3.446,15.27%,0.53,Buy,8.373M,36.627M,BBG000C0C3X9,XNAS,Common Stock
566,N, NUWE  NUWELLIS INC,3.437,13.03%,0.46,Sell,130.901K,26.063M,,,
567,A, AMPG  AMPLITECH GROUP INC.,3.351,3.73%,0.14,Sell,134.500K,36.347M,BBG000C2V3D6,XNYS,Common Stock
568,I, IFBD  INFOBIRD CO LTD,3.334,2.03%,0.08,Buy,246.336K,97.718M,,,
569,F, FNGZ  MICROSECTORS FANG+ INDEX -2X INVERSE LEVERAGED ETN,3.256,-5.63%,-0.23,Buy,10.788K,—,BBG000BQPC32,XNYS,Common Stock
570,B, BQ  BOQII HOLDING LIMITED SPON ADS EACH REP 0.75 CL A ORD SHS,3.256,0.80%,0.03,Sell,171.087K,281.535M,BBG000BCSCB1,XNYS,Common Stock
571,F, FNGD  MICROSECTORS FANG+ INDEX -3X INVERSE LEVERAGED ETN,3.256,-8.92%,-0.37,Buy,3.125M,—,BBG000BQPC32,XNYS,Common Stock
572,P, PALI  PALISADE BIO INC,3.239,-18.26%,-0.84,Strong Sell,2.762M,27.538M,,,
573,A, AEI  ALSET EHOME INTERNATIONAL INC,3.222,1.63%,0.06,Sell,1.086M,32.089M,BBG000C2V3D6,XNYS,Common Stock
574,M, MIE  COHEN & STEERS MLP & ENGY OPP,3.204,1.92%,0.07,Strong Buy,245.017K,97.062M,BBG000C46HM9,XNYS,Common Stock
575,D, DHC  DIVERSIFIED HEALTHCARE TRUST,3.136,1.82%,0.07,Sell,1.442M,867.296M,BBG000BGVW60,XNYS,Common Stock
576,CAPR, CAPRICOR THERAPEUTICS INC,3.118,14.56%,0.46,Sell,642.003K,82.528M,BBG000DZMK99,XNAS,Common Stock
577,G, GRAY  GRAYBUG VISION INC,3.118,0.28%,0.01,Sell,1.229M,76.222M,BBG000RQBFV2,XNYS,Common Stock
578,A, ADVM  ADVERUM BIOTECHNOLOGIES INC,3.101,-0.55%,-0.02,Strong Sell,2.360M,290.364M,BBG000C2V3D6,XNYS,Common Stock
579,H, HTGM  HTG MOLECULAR DIAGNOSTICS INC,3.067,-4.30%,-0.16,Sell,271.411K,22.331M,BBG000CVRFS4,XNYS,Common Stock
580,O, OBLG  OBLONG INC,3.032,-12.66%,-0.51,Strong Sell,369.349K,93.695M,BBG000DHPN63,XNYS,REIT
581,S, SLDB  SOLID BIOSCIENCES INC,3.006,-21.40%,-0.9500000000000001,Strong Sell,4.529M,421.436M,,,
582,SPPI, SPECTRUM PHARMACEUTICALS INC,2.998,13.73%,0.42,Buy,4.453M,534.973M,BBG000HDPFY4,XNAS,Common Stock
583,O, ONCS  ONCOSEC MEDICAL INCORPORATED,2.989,2.06%,0.07,Sell,388.659K,128.901M,BBG000DHPN63,XNYS,REIT
584,A, ALF  ALFI INC,2.955,-9.74%,-0.37,—,1.063M,40.459M,BBG000C2V3D6,XNYS,Common Stock
585,V, VNRX  VOLITIONRX LIMITED,2.937,13.29%,0.4,Buy,227.013K,180.364M,BBG000PSKYX7,XNYS,Common Stock
586,M, MYMD  MYMD PHARMACEUTICALS INC,2.92,-6.87%,-0.25,Strong Sell,151.239K,125.023M,BBG000C46HM9,XNYS,Common Stock
587,M, MTCR  METACRINE INC,2.903,0.00%,0.0,Sell,41.802K,88.325M,BBG000C46HM9,XNYS,Common Stock
588,A, AXLA  AXCELLA HEALTH INC,2.894,0.90%,0.03,Sell,73.503K,126.747M,BBG000C2V3D6,XNYS,Common Stock
589,V, VYNT  VYANT BIO INC,2.868,15.62%,0.45,Sell,1.415M,96.518M,BBG000PSKYX7,XNYS,Common Stock
590,ABEV, AMBEV SA SPON ADR EACH REP 1 ORD SHS,2.851,2.80%,0.09,Buy,19.362M,52.089B,BBG000BN5VZ4,XNYS,ADR
591,O, OEG  ORBITAL ENERGY GROUP INC,2.843,13.40%,0.39,Sell,2.021M,153.671M,BBG000DHPN63,XNYS,REIT
592,M, MEDS  TRXADE GROUP INC,2.731,1.93%,0.06,Sell,31.574K,25.757M,BBG000C46HM9,XNYS,Common Stock
593,P, PXLW  PIXELWORKS INC,2.713,8.62%,0.25,Buy,3.368M,164.469M,,,
594,U, UONEK  URBAN ONE INC,2.705,14.81%,0.41000000000000003,Strong Buy,1.261M,82.587M,BBG0056JW5G6,XNYS,Common Stock
595,D, DUO  FANGDD NETWORK GROUP LTD SPON ADS EACH REP 25 ORD SHS CL A,2.696,-0.32%,-0.01,Sell,116.057K,172.304M,BBG000BGVW60,XNYS,Common Stock
596,B, BAOS  BAOSHENG MEDIA GROUP HLDGS LTD,2.679,-0.96%,-0.03,Sell,24.356K,91.001M,BBG000BCSCB1,XNYS,Common Stock
597,G, GBS  GBS INC,2.67,-1.59%,-0.05,Sell,111.827K,36.813M,BBG000RQBFV2,XNYS,Common Stock
598,P, PAYS  PAYSIGN INC,2.636,5.88%,0.17,Sell,592.028K,208.348M,,,
599,S, SQFT  PRESIDIO PPTY TR INC,2.627,-4.39%,-0.14,Strong Sell,178.937K,35.721M,,,
600,B, BRN  BARNWELL INDUSTRIES INC,2.576,-7.14%,-0.23,Buy,423.405K,24.748M,BBG000BCSCB1,XNYS,Common Stock
601,N, NCNA  NUCANA PLC SPON ADR EACH REP 1 ORD SHS,2.524,1.03%,0.03,Sell,356.834K,148.476M,,,
602,H, HGBL  HERITAGE GLOBAL INC,2.515,-4.58%,-0.14,Sell,26.969K,86.195M,BBG000CVRFS4,XNYS,Common Stock
603,A, ATOS  ATOSSA THERAPEUTICS INC,2.498,22.88%,0.54,Strong Buy,24.142M,350.390M,BBG000C2V3D6,XNYS,Common Stock
604,ODT, ODONATE THERAPEUTICS INC,2.481,-3.68%,-0.11,Sell,1.202M,92.526M,BBG00J7CCMX6,XNAS,Common Stock
605,F, FLNT  FLUENT INC,2.421,3.31%,0.09,Sell,669.046K,219.777M,BBG000BQPC32,XNYS,Common Stock
606,I, IFRX  INFLARX N V,2.403,2.57%,0.07,Sell,246.607K,122.309M,,,
607,T, TH  TARGET HOSPITALITY CORP,2.386,20.43%,0.47000000000000003,Buy,388.069K,343.190M,BBG000BSJK37,XNYS,Common Stock
608,A, AHT  ASHFORD HOSPITALITY TRUST INC,2.377,10.40%,0.26,Buy,15.578M,303.986M,BBG000C2V3D6,XNYS,Common Stock
609,S, SPRT  SUPPORT COM INC,2.369,10.89%,0.27,Sell,438.320K,95.409M,,,
610,E, EBON  EBANG INTERNATIONAL HLDGS INC,2.369,14.11%,0.34,Sell,10.287M,511.048M,BBG000BBPZZ9,XNYS,ADR
611,P, PLX  PROTALIX BIOTHERAPEUTICS INC,2.36,-4.53%,-0.13,Sell,1.524M,124.349M,,,
612,K, KOR  CORVUS GOLD INC COM NPV,2.352,2.63%,0.07,Buy,99.824K,346.197M,BBG000BMKDM3,XNYS,Common Stock
613,LYG, LLOYDS BANKING GROUP ADR REP 4 ORD GBP0.10(BNY),2.317,1.89%,0.05,Strong Buy,7.544M,47.699B,BBG000C3VPQ1,XNYS,ADR
614,M, MDLX  MEDLEY LLC 6.875% NTS 15/08/26 USD25,2.283,12.77%,0.30000000000000004,Sell,44.418K,—,BBG000C46HM9,XNYS,Common Stock
615,S, SSY  SUNLINK HEALTH SYSTEMS INC,2.274,-5.38%,-0.15,Sell,563.152K,18.269M,,,
616,R, REPH  RECRO PHARMA INC,2.257,12.45%,0.29,Sell,732.869K,81.255M,BBG000BRVP70,XNYS,Common Stock
617,C, CNFR  CONIFER HLDGS INC,2.248,1.95%,0.05,Sell,11.974K,25.269M,BBG000FY4S11,XNYS,Common Stock
618,M, MKGI  MONAKER GROUP INC,2.154,-14.68%,-0.43,Strong Sell,1.188M,49.349M,BBG000C46HM9,XNYS,Common Stock
619,G, GLYC  GLYCOMIMETICS INC,2.076,-4.37%,-0.11,Sell,1.766M,124.209M,BBG000RQBFV2,XNYS,Common Stock
620,OBLN, OBALON THERAPEUTICS INC,2.059,-7.72%,-0.2,Sell,836.627K,23.952M,BBG0036S6JY0,XNAS,Common Stock
621,G, GLMD  GALMED PHARMACEUTICALS LTD,2.042,5.58%,0.12,Sell,141.557K,59.323M,BBG000RQBFV2,XNYS,Common Stock
622,A, AGFS  AGROFRESH SOLUTIONS INC,2.042,12.32%,0.26,Strong Buy,240.392K,124.285M,BBG000C2V3D6,XNYS,Common Stock
623,P, PROG  PROGENITY INC,2.033,0.43%,0.01,Sell,638.019K,212.086M,,,
624,K, KRKR  36KR HOLDINGS INC SPON ADS EACH REP 25 ORD SHS CL A,2.033,1.29%,0.03,Sell,44.334K,81.919M,BBG000BMKDM3,XNYS,Common Stock
625,A, ADIL  ADIAL PHARMACEUTICALS INC,2.024,14.63%,0.30000000000000004,Strong Buy,214.893K,41.133M,BBG000C2V3D6,XNYS,Common Stock
626,H, HIL  HILL INTERNATIONAL INC,2.024,-2.89%,-0.07,Sell,211.915K,133.072M,BBG000CVRFS4,XNYS,Common Stock
627,B, BGI  BIRKS GROUP INC,2.024,16.34%,0.33,Buy,824.002K,42.232M,BBG000BCSCB1,XNYS,Common Stock
628,E, ENG  ENGLOBAL CORPORATION,1.998,13.73%,0.28,Sell,593.389K,64.934M,BBG000BBPZZ9,XNYS,ADR
629,IZEA, IZEA WORLDWIDE INC,1.964,-19.15%,-0.54,Strong Sell,6.730M,140.544M,BBG0018XMPL3,XNAS,Common Stock
630,A, AEY  ADDVANTAGE TECHNOLOGIES GROUP INC,1.947,18.32%,0.35000000000000003,Buy,568.623K,27.949M,BBG000C2V3D6,XNYS,Common Stock
631,F, FORD  FORWARD-INDUSTRIES INC,1.904,0.00%,0.0,Sell,66.081K,21.996M,BBG000BQPC32,XNYS,Common Stock
632,P, PTIX  PROTAGENIC THERAPEUTICS INC,1.886,-6.41%,-0.15,Strong Sell,1.575M,30.180M,,,
633,T, THMO  THERMOGENESIS HOLDINGS INC,1.852,-10.04%,-0.24,Strong Sell,463.579K,31.090M,BBG000BSJK37,XNYS,Common Stock
634,B, BSQR  BSQUARE CORP,1.809,-5.41%,-0.12,Sell,689.475K,28.155M,BBG000BCSCB1,XNYS,Common Stock
635,F, FTEK  FUEL TECH INC,1.809,-4.98%,-0.11,Sell,2.459M,63.554M,BBG000BQPC32,XNYS,Common Stock
636,WTRH, WAITR HOLDINGS INC,1.749,12.78%,0.23,Sell,2.667M,321.090M,BBG00D0L7DK6,XNAS,Common Stock
637,G, GEG  GREAT ELM GROUP INC,1.74,-12.17%,-0.28,Strong Sell,169.899K,53.701M,BBG000RQBFV2,XNYS,Common Stock
638,E, EDTK  SKILLFUL CRAFTSMAN EDU TECH LTD,1.671,1.57%,0.03,Sell,402.614K,23.280M,BBG000BBPZZ9,XNYS,ADR
639,S, SENS  SENSEONICS HOLDINGS INC,1.654,12.28%,0.21,Sell,15.532M,821.597M,,,
640,V, VTNR  VERTEX ENERGY INC,1.654,12.94%,0.22,Strong Buy,7.096M,62.866M,BBG000PSKYX7,XNYS,Common Stock
641,E, EVOL  EVOLVING SYSTEMS,1.551,-21.18%,-0.48,Strong Sell,811.078K,22.069M,BBG000BBPZZ9,XNYS,ADR
642,C, CATB  CATABASIS PHARMACEUTICALS INC,1.533,2.30%,0.04,Sell,375.067K,41.682M,BBG000FY4S11,XNYS,Common Stock
643,CRBP, CORBUS PHARMACEUTICALS HOLDINGS IN,1.439,20.14%,0.28,Sell,6.501M,208.645M,BBG0078PJKQ7,XNAS,Common Stock
644,C, CTIB  YUNHONG CTI LTD,1.404,3.16%,0.05,Sell,242.558K,9.595M,BBG000FY4S11,XNYS,Common Stock
645,A, AGRX  AGILE THERAPEUTICS INC,1.387,12.59%,0.18,Sell,2.033M,142.105M,BBG000C2V3D6,XNYS,Common Stock
646,M, MTC  MMTEC INC,1.258,2.10%,0.03,Sell,76.581K,36.675M,BBG000C46HM9,XNYS,Common Stock
647,E, ELOX  ELOXX PHARMACEUTICALS INC,1.163,-20.59%,-0.35000000000000003,Strong Sell,10.901M,64.606M,BBG000BBPZZ9,XNYS,ADR
648,M, METX  METEN EDTECHX EDUCATION GROUP LTD,1.163,3.85%,0.05,Sell,3.548M,76.781M,BBG000C46HM9,XNYS,Common Stock
649,P, PLAG  PLANET GREEN HOLDINGS CORP,1.154,4.23%,0.05,Sell,233.457K,26.905M,,,
650,G, GRIL  MUSCLE MAKER INC,1.068,0.81%,0.01,Sell,878.796K,14.371M,BBG000RQBFV2,XNYS,Common Stock
651,CIDM, CINEDIGM CORPORATION,1.016,2.16%,0.03,Sell,30.292M,195.826M,BBG000BRSS32,XNAS,Common Stock
652,E, EVOK  EVOKE PHARMA INC,0.982,0.00%,0.0,Sell,752.324K,36.904M,BBG000BBPZZ9,XNYS,ADR
653,P, PBTS  POWERBRIDGE TECHNOLOGIES CO LTD,0.965,3.70%,0.04,Sell,291.913K,19.595M,,,
654,C, CSCW  COLOR STAR TECHNOLOGY CO LTD,0.853,22.52%,0.18,Sell,4.288M,28.598M,BBG000FY4S11,XNYS,Common Stock
655,P, PTE  POLARITYTE INC,0.844,-21.23%,-0.26,Strong Sell,9.104M,78.448M,,,
656,ZOM, ZOMEDICA CORP,0.646,3.46%,0.02,Sell,25.434M,725.988M,BBG00DGZC7Y0,XASE,Common Stock
657,B, BHAT  BLUE HAT INTERACTIVE ENTMT TECNLOGY,0.646,1.50%,0.01,Sell,773.943K,40.122M,BBG000BCSCB1,XNYS,Common Stock
658,A, AIHS  SENMIAO TECHNOLOGY LIMITED,0.629,0.87%,0.01,Sell,3.657M,40.305M,BBG000C2V3D6,XNYS,Common Stock
659,SNDL, SUNDIAL GROWERS INC,0.612,2.41%,0.02,Sell,189.025M,1.088B,BBG00PNJJW42,XNAS,Common Stock
660,B, BIOL  BIOLASE INC,0.603,20.53%,0.12,Sell,24.152M,105.254M,BBG000BCSCB1,XNYS,Common Stock
661,C, CXDC  CHINA XD PLASTICS COMPANY LIMITED,0.525,-3.26%,-0.02,Sell,681.595K,43.105M,BBG000FY4S11,XNYS,Common Stock
662,C, CEI  CAMBER ENERGY INC,0.517,2.51%,0.01,Sell,2.628M,21.269M,BBG000FY4S11,XNYS,Common Stock
663,NAKD, NAKED BRAND GROUP LTD,0.491,-4.80%,-0.03,Sell,69.388M,269.891M,BBG00HC854K5,XNAS,Common Stock
664,CTRM, CASTOR MARITIME INC,0.336,2.18%,0.01,Sell,64.938M,354.966M,BBG00N9MMGZ3,XNAS,Common Stock
665,F, FAMI  FARMMI INC,0.319,2.86%,0.01,Sell,16.948M,70.874M,BBG000BQPC32,XNYS,Common Stock
